timestamp_s,source,fs_hz,sample_index,seq,mode,flags,pending,queue_depth,queue_drop_lsb,status0,status1,status2,ch1_V,ch2_V,ch3_V,ch4_V,ch5_V,ch6_V,ch7_V,ch8_V
0.000000,5uVp10hz_ch2pga24.bin,250,0,60638,1,0xA3,1,0,0,192,0,0,187499.977648,-17.903745,187499.977648,187499.977648,187499.977648,0.000000,0.000000,0.000000
0.004003,5uVp10hz_ch2pga24.bin,250,1,60639,1,0xA3,1,0,0,192,0,0,187499.977648,-19.088387,187499.977648,187499.977648,187499.977648,0.000000,0.000000,0.000000
0.008003,5uVp10hz_ch2pga24.bin,250,2,60640,1,0xA3,1,0,0,192,0,0,187499.977648,-19.624829,187499.977648,187499.977648,187499.977648,0.000000,0.000000,0.000000
0.012006,5uVp10hz_ch2pga24.bin,250,3,60641,1,0xA3,1,0,0,192,0,0,187499.977648,-20.317733,187499.977648,187499.977648,187499.977648,0.000000,0.000000,0.000000
0.016006,5uVp10hz_ch2pga24.bin,250,4,60642,1,0xA3,1,0,0,192,0,0,187499.977648,-21.323562,187499.977648,187499.977648,187499.977648,0.000000,0.000000,0.000000
0.020009,5uVp10hz_ch2pga24.bin,250,5,60643,1,0xA3,1,0,0,192,0,0,187499.977648,-21.792948,187499.977648,187499.977648,187499.977648,0.000000,0.000000,0.000000
0.024009,5uVp10hz_ch2pga24.bin,250,6,60644,1,0xA3,1,0,0,192,0,0,187499.977648,-22.239983,187499.977648,187499.977648,187499.977648,0.000000,0.000000,0.000000
0.028012,5uVp10hz_ch2pga24.bin,250,7,60645,1,0xA3,1,0,0,192,0,0,187499.977648,-22.731721,187499.977648,187499.977648,187499.977648,0.000000,0.000000,0.000000
0.032013,5uVp10hz_ch2pga24.bin,250,8,60646,1,0xA3,1,0,0,192,0,0,187499.977648,-22.999942,187499.977648,187499.977648,187499.977648,0.000000,0.000000,0.000000
0.036015,5uVp10hz_ch2pga24.bin,250,9,60647,1,0xA3,1,0,0,192,0,0,187499.977648,-22.664666,187499.977648,187499.977648,187499.977648,0.000000,0.000000,0.000000
0.040015,5uVp10hz_ch2pga24.bin,250,10,60648,1,0xA3,1,0,0,192,0,0,187499.977648,-22.217631,187499.977648,187499.977648,187499.977648,0.000000,0.000000,0.000000
0.044018,5uVp10hz_ch2pga24.bin,250,11,60649,1,0xA3,1,0,0,192,0,0,187499.977648,-22.172928,187499.977648,187499.977648,187499.977648,0.000000,0.000000,0.000000
0.048019,5uVp10hz_ch2pga24.bin,250,12,60650,1,0xA3,1,0,0,192,0,0,187499.977648,-21.480024,187499.977648,187499.977648,187499.977648,0.000000,0.000000,0.000000
0.052022,5uVp10hz_ch2pga24.bin,250,13,60651,1,0xA3,1,0,0,192,0,0,187499.977648,-20.094216,187499.977648,187499.977648,187499.977648,0.000000,0.000000,0.000000
0.056022,5uVp10hz_ch2pga24.bin,250,14,60652,1,0xA3,1,0,0,192,0,0,187499.977648,-20.273030,187499.977648,187499.977648,187499.977648,0.000000,0.000000,0.000000
0.060025,5uVp10hz_ch2pga24.bin,250,15,60653,1,0xA3,1,0,0,192,0,0,187499.977648,-19.490719,187499.977648,187499.977648,187499.977648,0.000000,0.000000,0.000000
0.064025,5uVp10hz_ch2pga24.bin,250,16,60654,1,0xA3,1,0,0,192,0,0,187499.977648,-18.462539,187499.977648,187499.977648,187499.977648,0.000000,0.000000,0.000000
0.068028,5uVp10hz_ch2pga24.bin,250,17,60655,1,0xA3,1,0,0,192,0,0,187499.977648,-17.903745,187499.977648,187499.977648,187499.977648,0.000000,0.000000,0.000000
0.072028,5uVp10hz_ch2pga24.bin,250,18,60656,1,0xA3,1,0,0,192,0,0,187499.977648,-17.635524,187499.977648,187499.977648,187499.977648,0.000000,0.000000,0.000000
0.076031,5uVp10hz_ch2pga24.bin,250,19,60657,1,0xA3,1,0,0,192,0,0,187499.977648,-17.032027,187499.977648,187499.977648,187499.977648,0.000000,0.000000,0.000000
0.080031,5uVp10hz_ch2pga24.bin,250,20,60658,1,0xA3,1,0,0,192,0,0,187499.977648,-16.741455,187499.977648,187499.977648,187499.977648,0.000000,0.000000,0.000000
0.084031,5uVp10hz_ch2pga24.bin,250,21,60659,1,0xA3,1,0,0,192,0,0,187499.977648,-16.920269,187499.977648,187499.977648,187499.977648,0.000000,0.000000,0.000000
0.088035,5uVp10hz_ch2pga24.bin,250,22,60660,1,0xA3,1,0,0,192,0,0,187499.977648,-17.501414,187499.977648,187499.977648,187499.977648,0.000000,0.000000,0.000000
0.092035,5uVp10hz_ch2pga24.bin,250,23,60661,1,0xA3,1,0,0,192,0,0,187499.977648,-17.456710,187499.977648,187499.977648,187499.977648,0.000000,0.000000,0.000000
0.096038,5uVp10hz_ch2pga24.bin,250,24,60662,1,0xA3,1,0,0,192,0,0,187499.977648,-17.657876,187499.977648,187499.977648,187499.977648,0.000000,0.000000,0.000000
0.100038,5uVp10hz_ch2pga24.bin,250,25,60663,1,0xA3,1,0,0,192,0,0,187499.977648,-18.708408,187499.977648,187499.977648,187499.977648,0.000000,0.000000,0.000000
0.104042,5uVp10hz_ch2pga24.bin,250,26,60664,1,0xA3,1,0,0,192,0,0,187499.977648,-19.200146,187499.977648,187499.977648,187499.977648,0.000000,0.000000,0.000000
0.108042,5uVp10hz_ch2pga24.bin,250,27,60665,1,0xA3,1,0,0,192,0,0,187499.977648,-19.982457,187499.977648,187499.977648,187499.977648,0.000000,0.000000,0.000000
0.112042,5uVp10hz_ch2pga24.bin,250,28,60666,1,0xA3,1,0,0,192,0,0,187499.977648,-20.630658,187499.977648,187499.977648,187499.977648,0.000000,0.000000,0.000000
0.116046,5uVp10hz_ch2pga24.bin,250,29,60667,1,0xA3,1,0,0,192,0,0,187499.977648,-21.077693,187499.977648,187499.977648,187499.977648,0.000000,0.000000,0.000000
0.120046,5uVp10hz_ch2pga24.bin,250,30,60668,1,0xA3,1,0,0,192,0,0,187499.977648,-21.278858,187499.977648,187499.977648,187499.977648,0.000000,0.000000,0.000000
0.124050,5uVp10hz_ch2pga24.bin,250,31,60669,1,0xA3,1,0,0,192,0,0,187499.977648,-22.105873,187499.977648,187499.977648,187499.977648,0.000000,0.000000,0.000000
0.128050,5uVp10hz_ch2pga24.bin,250,32,60670,1,0xA3,1,0,0,192,0,0,187499.977648,-22.642314,187499.977648,187499.977648,187499.977648,0.000000,0.000000,0.000000
0.132050,5uVp10hz_ch2pga24.bin,250,33,60671,1,0xA3,1,0,0,192,0,0,187499.977648,-22.754073,187499.977648,187499.977648,187499.977648,0.000000,0.000000,0.000000
0.136055,5uVp10hz_ch2pga24.bin,250,34,60672,1,0xA3,1,0,0,192,0,0,187499.977648,-22.687018,187499.977648,187499.977648,187499.977648,0.000000,0.000000,0.000000
0.140056,5uVp10hz_ch2pga24.bin,250,35,60673,1,0xA3,1,0,0,192,0,0,187499.977648,-22.441149,187499.977648,187499.977648,187499.977648,0.000000,0.000000,0.000000
0.144056,5uVp10hz_ch2pga24.bin,250,36,60674,1,0xA3,1,0,0,192,0,0,187499.977648,-21.591783,187499.977648,187499.977648,187499.977648,0.000000,0.000000,0.000000
0.148060,5uVp10hz_ch2pga24.bin,250,37,60675,1,0xA3,1,0,0,192,0,0,187499.977648,-20.831823,187499.977648,187499.977648,187499.977648,0.000000,0.000000,0.000000
0.152060,5uVp10hz_ch2pga24.bin,250,38,60676,1,0xA3,1,0,0,192,0,0,187499.977648,-20.429492,187499.977648,187499.977648,187499.977648,0.000000,0.000000,0.000000
0.156063,5uVp10hz_ch2pga24.bin,250,39,60677,1,0xA3,1,0,0,192,0,0,187499.977648,-20.049512,187499.977648,187499.977648,187499.977648,0.000000,0.000000,0.000000
0.160062,5uVp10hz_ch2pga24.bin,250,40,60678,1,0xA3,1,0,0,192,0,0,187499.977648,-19.133091,187499.977648,187499.977648,187499.977648,0.000000,0.000000,0.000000
0.164063,5uVp10hz_ch2pga24.bin,250,41,60679,1,0xA3,1,0,0,192,0,0,187499.977648,-18.753111,187499.977648,187499.977648,187499.977648,0.000000,0.000000,0.000000
0.168067,5uVp10hz_ch2pga24.bin,250,42,60680,1,0xA3,1,0,0,192,0,0,187499.977648,-18.239021,187499.977648,187499.977648,187499.977648,0.000000,0.000000,0.000000
0.172068,5uVp10hz_ch2pga24.bin,250,43,60681,1,0xA3,1,0,0,192,0,0,187499.977648,-17.344952,187499.977648,187499.977648,187499.977648,0.000000,0.000000,0.000000
0.176068,5uVp10hz_ch2pga24.bin,250,44,60682,1,0xA3,1,0,0,192,0,0,187499.977648,-17.076731,187499.977648,187499.977648,187499.977648,0.000000,0.000000,0.000000
0.180072,5uVp10hz_ch2pga24.bin,250,45,60683,1,0xA3,1,0,0,192,0,0,187499.977648,-17.367303,187499.977648,187499.977648,187499.977648,0.000000,0.000000,0.000000
0.184072,5uVp10hz_ch2pga24.bin,250,46,60684,1,0xA3,1,0,0,192,0,0,187499.977648,-17.188489,187499.977648,187499.977648,187499.977648,0.000000,0.000000,0.000000
0.188076,5uVp10hz_ch2pga24.bin,250,47,60685,1,0xA3,1,0,0,192,0,0,187499.977648,-17.009676,187499.977648,187499.977648,187499.977648,0.000000,0.000000,0.000000
0.192076,5uVp10hz_ch2pga24.bin,250,48,60686,1,0xA3,1,0,0,192,0,0,187499.977648,-17.501414,187499.977648,187499.977648,187499.977648,0.000000,0.000000,0.000000
0.196079,5uVp10hz_ch2pga24.bin,250,49,60687,1,0xA3,1,0,0,192,0,0,187499.977648,-18.171966,187499.977648,187499.977648,187499.977648,0.000000,0.000000,0.000000
0.200079,5uVp10hz_ch2pga24.bin,250,50,60688,1,0xA3,1,0,0,192,0,0,187499.977648,-18.306077,187499.977648,187499.977648,187499.977648,0.000000,0.000000,0.000000
0.204079,5uVp10hz_ch2pga24.bin,250,51,60689,1,0xA3,1,0,0,192,0,0,187499.977648,-18.954277,187499.977648,187499.977648,187499.977648,0.000000,0.000000,0.000000
0.208083,5uVp10hz_ch2pga24.bin,250,52,60690,1,0xA3,1,0,0,192,0,0,187499.977648,-19.915402,187499.977648,187499.977648,187499.977648,0.000000,0.000000,0.000000
0.212084,5uVp10hz_ch2pga24.bin,250,53,60691,1,0xA3,1,0,0,192,0,0,187499.977648,-20.608306,187499.977648,187499.977648,187499.977648,0.000000,0.000000,0.000000
0.216087,5uVp10hz_ch2pga24.bin,250,54,60692,1,0xA3,1,0,0,192,0,0,187499.977648,-21.234155,187499.977648,187499.977648,187499.977648,0.000000,0.000000,0.000000
0.220088,5uVp10hz_ch2pga24.bin,250,55,60693,1,0xA3,1,0,0,192,0,0,187499.977648,-21.480024,187499.977648,187499.977648,187499.977648,0.000000,0.000000,0.000000
0.224087,5uVp10hz_ch2pga24.bin,250,56,60694,1,0xA3,1,0,0,192,0,0,187499.977648,-21.927059,187499.977648,187499.977648,187499.977648,0.000000,0.000000,0.000000
0.228090,5uVp10hz_ch2pga24.bin,250,57,60695,1,0xA3,1,0,0,192,0,0,187499.977648,-22.262335,187499.977648,187499.977648,187499.977648,0.000000,0.000000,0.000000
0.232091,5uVp10hz_ch2pga24.bin,250,58,60696,1,0xA3,1,0,0,192,0,0,187499.977648,-22.016466,187499.977648,187499.977648,187499.977648,0.000000,0.000000,0.000000
0.236095,5uVp10hz_ch2pga24.bin,250,59,60697,1,0xA3,1,0,0,192,0,0,187499.977648,-22.284687,187499.977648,187499.977648,187499.977648,0.000000,0.000000,0.000000
0.240095,5uVp10hz_ch2pga24.bin,250,60,60698,1,0xA3,1,0,0,192,0,0,187499.977648,-22.485852,187499.977648,187499.977648,187499.977648,0.000000,0.000000,0.000000
0.244096,5uVp10hz_ch2pga24.bin,250,61,60699,1,0xA3,1,0,0,192,0,0,187499.977648,-21.658838,187499.977648,187499.977648,187499.977648,0.000000,0.000000,0.000000
0.248100,5uVp10hz_ch2pga24.bin,250,62,60700,1,0xA3,1,0,0,192,0,0,187499.977648,-21.390617,187499.977648,187499.977648,187499.977648,0.000000,0.000000,0.000000
0.252100,5uVp10hz_ch2pga24.bin,250,63,60701,1,0xA3,1,0,0,192,0,0,187499.977648,-20.474195,187499.977648,187499.977648,187499.977648,0.000000,0.000000,0.000000
0.256101,5uVp10hz_ch2pga24.bin,250,64,60702,1,0xA3,1,0,0,192,0,0,187499.977648,-19.647181,187499.977648,187499.977648,187499.977648,0.000000,0.000000,0.000000
0.260105,5uVp10hz_ch2pga24.bin,250,65,60703,1,0xA3,1,0,0,192,0,0,187499.977648,-18.976629,187499.977648,187499.977648,187499.977648,0.000000,0.000000,0.000000
0.264104,5uVp10hz_ch2pga24.bin,250,66,60704,1,0xA3,1,0,0,192,0,0,187499.977648,-18.596649,187499.977648,187499.977648,187499.977648,0.000000,0.000000,0.000000
0.268108,5uVp10hz_ch2pga24.bin,250,67,60705,1,0xA3,1,0,0,192,0,0,187499.977648,-17.926097,187499.977648,187499.977648,187499.977648,0.000000,0.000000,0.000000
0.272108,5uVp10hz_ch2pga24.bin,250,68,60706,1,0xA3,1,0,0,192,0,0,187499.977648,-17.210841,187499.977648,187499.977648,187499.977648,0.000000,0.000000,0.000000
0.276108,5uVp10hz_ch2pga24.bin,250,69,60707,1,0xA3,1,0,0,192,0,0,187499.977648,-17.076731,187499.977648,187499.977648,187499.977648,0.000000,0.000000,0.000000
0.280112,5uVp10hz_ch2pga24.bin,250,70,60708,1,0xA3,1,0,0,192,0,0,187499.977648,-17.009676,187499.977648,187499.977648,187499.977648,0.000000,0.000000,0.000000
0.284113,5uVp10hz_ch2pga24.bin,250,71,60709,1,0xA3,1,0,0,192,0,0,187499.977648,-16.629696,187499.977648,187499.977648,187499.977648,0.000000,0.000000,0.000000
0.288113,5uVp10hz_ch2pga24.bin,250,72,60710,1,0xA3,1,0,0,192,0,0,187499.977648,-17.233193,187499.977648,187499.977648,187499.977648,0.000000,0.000000,0.000000
0.292117,5uVp10hz_ch2pga24.bin,250,73,60711,1,0xA3,1,0,0,192,0,0,187499.977648,-17.635524,187499.977648,187499.977648,187499.977648,0.000000,0.000000,0.000000
0.296118,5uVp10hz_ch2pga24.bin,250,74,60712,1,0xA3,1,0,0,192,0,0,187499.977648,-17.747283,187499.977648,187499.977648,187499.977648,0.000000,0.000000,0.000000
0.300121,5uVp10hz_ch2pga24.bin,250,75,60713,1,0xA3,1,0,0,192,0,0,187499.977648,-18.306077,187499.977648,187499.977648,187499.977648,0.000000,0.000000,0.000000
0.304121,5uVp10hz_ch2pga24.bin,250,76,60714,1,0xA3,1,0,0,192,0,0,187499.977648,-19.401312,187499.977648,187499.977648,187499.977648,0.000000,0.000000,0.000000
0.308121,5uVp10hz_ch2pga24.bin,250,77,60715,1,0xA3,1,0,0,192,0,0,187499.977648,-19.915402,187499.977648,187499.977648,187499.977648,0.000000,0.000000,0.000000
0.312125,5uVp10hz_ch2pga24.bin,250,78,60716,1,0xA3,1,0,0,192,0,0,187499.977648,-20.228326,187499.977648,187499.977648,187499.977648,0.000000,0.000000,0.000000
0.316124,5uVp10hz_ch2pga24.bin,250,79,60717,1,0xA3,1,0,0,192,0,0,187499.977648,-21.167099,187499.977648,187499.977648,187499.977648,0.000000,0.000000,0.000000
0.320127,5uVp10hz_ch2pga24.bin,250,80,60718,1,0xA3,1,0,0,192,0,0,187499.977648,-22.016466,187499.977648,187499.977648,187499.977648,0.000000,0.000000,0.000000
0.324130,5uVp10hz_ch2pga24.bin,250,81,60719,1,0xA3,1,0,0,192,0,0,187499.977648,-22.061169,187499.977648,187499.977648,187499.977648,0.000000,0.000000,0.000000
0.328129,5uVp10hz_ch2pga24.bin,250,82,60720,1,0xA3,1,0,0,192,0,0,187499.977648,-22.731721,187499.977648,187499.977648,187499.977648,0.000000,0.000000,0.000000
0.332133,5uVp10hz_ch2pga24.bin,250,83,60721,1,0xA3,1,0,0,192,0,0,187499.977648,-22.217631,187499.977648,187499.977648,187499.977648,0.000000,0.000000,0.000000
0.336133,5uVp10hz_ch2pga24.bin,250,84,60722,1,0xA3,1,0,0,192,0,0,187499.977648,-21.815300,187499.977648,187499.977648,187499.977648,0.000000,0.000000,0.000000
0.340134,5uVp10hz_ch2pga24.bin,250,85,60723,1,0xA3,1,0,0,192,0,0,187499.977648,-21.681190,187499.977648,187499.977648,187499.977648,0.000000,0.000000,0.000000
0.344137,5uVp10hz_ch2pga24.bin,250,86,60724,1,0xA3,1,0,0,192,0,0,187499.977648,-21.770597,187499.977648,187499.977648,187499.977648,0.000000,0.000000,0.000000
0.348138,5uVp10hz_ch2pga24.bin,250,87,60725,1,0xA3,1,0,0,192,0,0,187499.977648,-21.524727,187499.977648,187499.977648,187499.977648,0.000000,0.000000,0.000000
0.352138,5uVp10hz_ch2pga24.bin,250,88,60726,1,0xA3,1,0,0,192,0,0,187499.977648,-20.138919,187499.977648,187499.977648,187499.977648,0.000000,0.000000,0.000000
0.356142,5uVp10hz_ch2pga24.bin,250,89,60727,1,0xA3,1,0,0,192,0,0,187499.977648,-19.803643,187499.977648,187499.977648,187499.977648,0.000000,0.000000,0.000000
0.360142,5uVp10hz_ch2pga24.bin,250,90,60728,1,0xA3,1,0,0,192,0,0,187499.977648,-19.423664,187499.977648,187499.977648,187499.977648,0.000000,0.000000,0.000000
0.364145,5uVp10hz_ch2pga24.bin,250,91,60729,1,0xA3,1,0,0,192,0,0,187499.977648,-18.283725,187499.977648,187499.977648,187499.977648,0.000000,0.000000,0.000000
0.368145,5uVp10hz_ch2pga24.bin,250,92,60730,1,0xA3,1,0,0,192,0,0,187499.977648,-17.568469,187499.977648,187499.977648,187499.977648,0.000000,0.000000,0.000000
0.372148,5uVp10hz_ch2pga24.bin,250,93,60731,1,0xA3,1,0,0,192,0,0,187499.977648,-17.680228,187499.977648,187499.977648,187499.977648,0.000000,0.000000,0.000000
0.376148,5uVp10hz_ch2pga24.bin,250,94,60732,1,0xA3,1,0,0,192,0,0,187499.977648,-17.434359,187499.977648,187499.977648,187499.977648,0.000000,0.000000,0.000000
0.380152,5uVp10hz_ch2pga24.bin,250,95,60733,1,0xA3,1,0,0,192,0,0,187499.977648,-16.652048,187499.977648,187499.977648,187499.977648,0.000000,0.000000,0.000000
0.384152,5uVp10hz_ch2pga24.bin,250,96,60734,1,0xA3,1,0,0,192,0,0,187499.977648,-16.987324,187499.977648,187499.977648,187499.977648,0.000000,0.000000,0.000000
0.388152,5uVp10hz_ch2pga24.bin,250,97,60735,1,0xA3,1,0,0,192,0,0,187499.977648,-17.568469,187499.977648,187499.977648,187499.977648,0.000000,0.000000,0.000000
0.392156,5uVp10hz_ch2pga24.bin,250,98,60736,1,0xA3,1,0,0,192,0,0,187499.977648,-17.367303,187499.977648,187499.977648,187499.977648,0.000000,0.000000,0.000000
0.396156,5uVp10hz_ch2pga24.bin,250,99,60737,1,0xA3,1,0,0,192,0,0,187499.977648,-17.546117,187499.977648,187499.977648,187499.977648,0.000000,0.000000,0.000000
0.400160,5uVp10hz_ch2pga24.bin,250,100,60738,1,0xA3,1,0,0,192,0,0,187499.977648,-18.306077,187499.977648,187499.977648,187499.977648,0.000000,0.000000,0.000000
0.404159,5uVp10hz_ch2pga24.bin,250,101,60739,1,0xA3,1,0,0,192,0,0,187499.977648,-19.468367,187499.977648,187499.977648,187499.977648,0.000000,0.000000,0.000000
0.408162,5uVp10hz_ch2pga24.bin,250,102,60740,1,0xA3,1,0,0,192,0,0,187499.977648,-19.982457,187499.977648,187499.977648,187499.977648,0.000000,0.000000,0.000000
0.412162,5uVp10hz_ch2pga24.bin,250,103,60741,1,0xA3,1,0,0,192,0,0,187499.977648,-20.854175,187499.977648,187499.977648,187499.977648,0.000000,0.000000,0.000000
0.416165,5uVp10hz_ch2pga24.bin,250,104,60742,1,0xA3,1,0,0,192,0,0,187499.977648,-21.435320,187499.977648,187499.977648,187499.977648,0.000000,0.000000,0.000000
0.420165,5uVp10hz_ch2pga24.bin,250,105,60743,1,0xA3,1,0,0,192,0,0,187499.977648,-21.547079,187499.977648,187499.977648,187499.977648,0.000000,0.000000,0.000000
0.424169,5uVp10hz_ch2pga24.bin,250,106,60744,1,0xA3,1,0,0,192,0,0,187499.977648,-22.061169,187499.977648,187499.977648,187499.977648,0.000000,0.000000,0.000000
0.428169,5uVp10hz_ch2pga24.bin,250,107,60745,1,0xA3,1,0,0,192,0,0,187499.977648,-22.441149,187499.977648,187499.977648,187499.977648,0.000000,0.000000,0.000000
0.432170,5uVp10hz_ch2pga24.bin,250,108,60746,1,0xA3,1,0,0,192,0,0,187499.977648,-22.351742,187499.977648,187499.977648,187499.977648,0.000000,0.000000,0.000000
0.436174,5uVp10hz_ch2pga24.bin,250,109,60747,1,0xA3,1,0,0,192,0,0,187499.977648,-21.994114,187499.977648,187499.977648,187499.977648,0.000000,0.000000,0.000000
0.440174,5uVp10hz_ch2pga24.bin,250,110,60748,1,0xA3,1,0,0,192,0,0,187499.977648,-22.061169,187499.977648,187499.977648,187499.977648,0.000000,0.000000,0.000000
0.444174,5uVp10hz_ch2pga24.bin,250,111,60749,1,0xA3,1,0,0,192,0,0,187499.977648,-21.837652,187499.977648,187499.977648,187499.977648,0.000000,0.000000,0.000000
0.448178,5uVp10hz_ch2pga24.bin,250,112,60750,1,0xA3,1,0,0,192,0,0,187499.977648,-21.323562,187499.977648,187499.977648,187499.977648,0.000000,0.000000,0.000000
0.452178,5uVp10hz_ch2pga24.bin,250,113,60751,1,0xA3,1,0,0,192,0,0,187499.977648,-20.317733,187499.977648,187499.977648,187499.977648,0.000000,0.000000,0.000000
0.456182,5uVp10hz_ch2pga24.bin,250,114,60752,1,0xA3,1,0,0,192,0,0,187499.977648,-19.848347,187499.977648,187499.977648,187499.977648,0.000000,0.000000,0.000000
0.460182,5uVp10hz_ch2pga24.bin,250,115,60753,1,0xA3,1,0,0,192,0,0,187499.977648,-19.200146,187499.977648,187499.977648,187499.977648,0.000000,0.000000,0.000000
0.464182,5uVp10hz_ch2pga24.bin,250,116,60754,1,0xA3,1,0,0,192,0,0,187499.977648,-17.970800,187499.977648,187499.977648,187499.977648,0.000000,0.000000,0.000000
0.468186,5uVp10hz_ch2pga24.bin,250,117,60755,1,0xA3,1,0,0,192,0,0,187499.977648,-18.171966,187499.977648,187499.977648,187499.977648,0.000000,0.000000,0.000000
0.472186,5uVp10hz_ch2pga24.bin,250,118,60756,1,0xA3,1,0,0,192,0,0,187499.977648,-17.702579,187499.977648,187499.977648,187499.977648,0.000000,0.000000,0.000000
0.476189,5uVp10hz_ch2pga24.bin,250,119,60757,1,0xA3,1,0,0,192,0,0,187499.977648,-16.920269,187499.977648,187499.977648,187499.977648,0.000000,0.000000,0.000000
0.480189,5uVp10hz_ch2pga24.bin,250,120,60758,1,0xA3,1,0,0,192,0,0,187499.977648,-16.339123,187499.977648,187499.977648,187499.977648,0.000000,0.000000,0.000000
0.484193,5uVp10hz_ch2pga24.bin,250,121,60759,1,0xA3,1,0,0,192,0,0,187499.977648,-17.233193,187499.977648,187499.977648,187499.977648,0.000000,0.000000,0.000000
0.488193,5uVp10hz_ch2pga24.bin,250,122,60760,1,0xA3,1,0,0,192,0,0,187499.977648,-16.942620,187499.977648,187499.977648,187499.977648,0.000000,0.000000,0.000000
0.492194,5uVp10hz_ch2pga24.bin,250,123,60761,1,0xA3,1,0,0,192,0,0,187499.977648,-17.188489,187499.977648,187499.977648,187499.977648,0.000000,0.000000,0.000000
0.496197,5uVp10hz_ch2pga24.bin,250,124,60762,1,0xA3,1,0,0,192,0,0,187499.977648,-18.037856,187499.977648,187499.977648,187499.977648,0.000000,0.000000,0.000000
0.500198,5uVp10hz_ch2pga24.bin,250,125,60763,1,0xA3,1,0,0,192,0,0,187499.977648,-18.484890,187499.977648,187499.977648,187499.977648,0.000000,0.000000,0.000000
0.504198,5uVp10hz_ch2pga24.bin,250,126,60764,1,0xA3,1,0,0,192,0,0,187499.977648,-18.574297,187499.977648,187499.977648,187499.977648,0.000000,0.000000,0.000000
0.508202,5uVp10hz_ch2pga24.bin,250,127,60765,1,0xA3,1,0,0,192,0,0,187499.977648,-19.982457,187499.977648,187499.977648,187499.977648,0.000000,0.000000,0.000000
0.512202,5uVp10hz_ch2pga24.bin,250,128,60766,1,0xA3,1,0,0,192,0,0,187499.977648,-20.876527,187499.977648,187499.977648,187499.977648,0.000000,0.000000,0.000000
0.516206,5uVp10hz_ch2pga24.bin,250,129,60767,1,0xA3,1,0,0,192,0,0,187499.977648,-21.211803,187499.977648,187499.977648,187499.977648,0.000000,0.000000,0.000000
0.520207,5uVp10hz_ch2pga24.bin,250,130,60768,1,0xA3,1,0,0,192,0,0,187499.977648,-21.480024,187499.977648,187499.977648,187499.977648,0.000000,0.000000,0.000000
0.524207,5uVp10hz_ch2pga24.bin,250,131,60769,1,0xA3,1,0,0,192,0,0,187499.977648,-22.128224,187499.977648,187499.977648,187499.977648,0.000000,0.000000,0.000000
0.528208,5uVp10hz_ch2pga24.bin,250,132,60770,1,0xA3,1,0,0,192,0,0,187499.977648,-22.351742,187499.977648,187499.977648,187499.977648,0.000000,0.000000,0.000000
0.532211,5uVp10hz_ch2pga24.bin,250,133,60771,1,0xA3,1,0,0,192,0,0,187499.977648,-22.530556,187499.977648,187499.977648,187499.977648,0.000000,0.000000,0.000000
0.536212,5uVp10hz_ch2pga24.bin,250,134,60772,1,0xA3,1,0,0,192,0,0,187499.977648,-22.262335,187499.977648,187499.977648,187499.977648,0.000000,0.000000,0.000000
0.540216,5uVp10hz_ch2pga24.bin,250,135,60773,1,0xA3,1,0,0,192,0,0,187499.977648,-21.792948,187499.977648,187499.977648,187499.977648,0.000000,0.000000,0.000000
0.544216,5uVp10hz_ch2pga24.bin,250,136,60774,1,0xA3,1,0,0,192,0,0,187499.977648,-21.770597,187499.977648,187499.977648,187499.977648,0.000000,0.000000,0.000000
0.548216,5uVp10hz_ch2pga24.bin,250,137,60775,1,0xA3,1,0,0,192,0,0,187499.977648,-21.122396,187499.977648,187499.977648,187499.977648,0.000000,0.000000,0.000000
0.552220,5uVp10hz_ch2pga24.bin,250,138,60776,1,0xA3,1,0,0,192,0,0,187499.977648,-20.585954,187499.977648,187499.977648,187499.977648,0.000000,0.000000,0.000000
0.556220,5uVp10hz_ch2pga24.bin,250,139,60777,1,0xA3,1,0,0,192,0,0,187499.977648,-20.116568,187499.977648,187499.977648,187499.977648,0.000000,0.000000,0.000000
0.560224,5uVp10hz_ch2pga24.bin,250,140,60778,1,0xA3,1,0,0,192,0,0,187499.977648,-19.267201,187499.977648,187499.977648,187499.977648,0.000000,0.000000,0.000000
0.564224,5uVp10hz_ch2pga24.bin,250,141,60779,1,0xA3,1,0,0,192,0,0,187499.977648,-18.484890,187499.977648,187499.977648,187499.977648,0.000000,0.000000,0.000000
0.568225,5uVp10hz_ch2pga24.bin,250,142,60780,1,0xA3,1,0,0,192,0,0,187499.977648,-17.881393,187499.977648,187499.977648,187499.977648,0.000000,0.000000,0.000000
0.572229,5uVp10hz_ch2pga24.bin,250,143,60781,1,0xA3,1,0,0,192,0,0,187499.977648,-17.009676,187499.977648,187499.977648,187499.977648,0.000000,0.000000,0.000000
0.576230,5uVp10hz_ch2pga24.bin,250,144,60782,1,0xA3,1,0,0,192,0,0,187499.977648,-16.853213,187499.977648,187499.977648,187499.977648,0.000000,0.000000,0.000000
0.580230,5uVp10hz_ch2pga24.bin,250,145,60783,1,0xA3,1,0,0,192,0,0,187499.977648,-16.964972,187499.977648,187499.977648,187499.977648,0.000000,0.000000,0.000000
0.584231,5uVp10hz_ch2pga24.bin,250,146,60784,1,0xA3,1,0,0,192,0,0,187499.977648,-16.562641,187499.977648,187499.977648,187499.977648,0.000000,0.000000,0.000000
0.588235,5uVp10hz_ch2pga24.bin,250,147,60785,1,0xA3,1,0,0,192,0,0,187499.977648,-16.987324,187499.977648,187499.977648,187499.977648,0.000000,0.000000,0.000000
0.592235,5uVp10hz_ch2pga24.bin,250,148,60786,1,0xA3,1,0,0,192,0,0,187499.977648,-18.104911,187499.977648,187499.977648,187499.977648,0.000000,0.000000,0.000000
0.596238,5uVp10hz_ch2pga24.bin,250,149,60787,1,0xA3,1,0,0,192,0,0,187499.977648,-17.926097,187499.977648,187499.977648,187499.977648,0.000000,0.000000,0.000000
0.600238,5uVp10hz_ch2pga24.bin,250,150,60788,1,0xA3,1,0,0,192,0,0,187499.977648,-17.926097,187499.977648,187499.977648,187499.977648,0.000000,0.000000,0.000000
0.604241,5uVp10hz_ch2pga24.bin,250,151,60789,1,0xA3,1,0,0,192,0,0,187499.977648,-19.133091,187499.977648,187499.977648,187499.977648,0.000000,0.000000,0.000000
0.608241,5uVp10hz_ch2pga24.bin,250,152,60790,1,0xA3,1,0,0,192,0,0,187499.977648,-20.004809,187499.977648,187499.977648,187499.977648,0.000000,0.000000,0.000000
0.612244,5uVp10hz_ch2pga24.bin,250,153,60791,1,0xA3,1,0,0,192,0,0,187499.977648,-20.429492,187499.977648,187499.977648,187499.977648,0.000000,0.000000,0.000000
0.616244,5uVp10hz_ch2pga24.bin,250,154,60792,1,0xA3,1,0,0,192,0,0,187499.977648,-21.122396,187499.977648,187499.977648,187499.977648,0.000000,0.000000,0.000000
0.620248,5uVp10hz_ch2pga24.bin,250,155,60793,1,0xA3,1,0,0,192,0,0,187499.977648,-21.703541,187499.977648,187499.977648,187499.977648,0.000000,0.000000,0.000000
0.624248,5uVp10hz_ch2pga24.bin,250,156,60794,1,0xA3,1,0,0,192,0,0,187499.977648,-21.882355,187499.977648,187499.977648,187499.977648,0.000000,0.000000,0.000000
0.628251,5uVp10hz_ch2pga24.bin,250,157,60795,1,0xA3,1,0,0,192,0,0,187499.977648,-22.463500,187499.977648,187499.977648,187499.977648,0.000000,0.000000,0.000000
0.632251,5uVp10hz_ch2pga24.bin,250,158,60796,1,0xA3,1,0,0,192,0,0,187499.977648,-22.463500,187499.977648,187499.977648,187499.977648,0.000000,0.000000,0.000000
0.636251,5uVp10hz_ch2pga24.bin,250,159,60797,1,0xA3,1,0,0,192,0,0,187499.977648,-22.150576,187499.977648,187499.977648,187499.977648,0.000000,0.000000,0.000000
0.640255,5uVp10hz_ch2pga24.bin,250,160,60798,1,0xA3,1,0,0,192,0,0,187499.977648,-22.038817,187499.977648,187499.977648,187499.977648,0.000000,0.000000,0.000000
0.644255,5uVp10hz_ch2pga24.bin,250,161,60799,1,0xA3,1,0,0,192,0,0,187499.977648,-21.770597,187499.977648,187499.977648,187499.977648,0.000000,0.000000,0.000000
0.648258,5uVp10hz_ch2pga24.bin,250,162,60800,1,0xA3,1,0,0,192,0,0,187499.977648,-21.748245,187499.977648,187499.977648,187499.977648,0.000000,0.000000,0.000000
0.652258,5uVp10hz_ch2pga24.bin,250,163,60801,1,0xA3,1,0,0,192,0,0,187499.977648,-20.697713,187499.977648,187499.977648,187499.977648,0.000000,0.000000,0.000000
0.656261,5uVp10hz_ch2pga24.bin,250,164,60802,1,0xA3,1,0,0,192,0,0,187499.977648,-19.356608,187499.977648,187499.977648,187499.977648,0.000000,0.000000,0.000000
0.660261,5uVp10hz_ch2pga24.bin,250,165,60803,1,0xA3,1,0,0,192,0,0,187499.977648,-19.066036,187499.977648,187499.977648,187499.977648,0.000000,0.000000,0.000000
0.664265,5uVp10hz_ch2pga24.bin,250,166,60804,1,0xA3,1,0,0,192,0,0,187499.977648,-18.462539,187499.977648,187499.977648,187499.977648,0.000000,0.000000,0.000000
0.668265,5uVp10hz_ch2pga24.bin,250,167,60805,1,0xA3,1,0,0,192,0,0,187499.977648,-17.747283,187499.977648,187499.977648,187499.977648,0.000000,0.000000,0.000000
0.672268,5uVp10hz_ch2pga24.bin,250,168,60806,1,0xA3,1,0,0,192,0,0,187499.977648,-17.344952,187499.977648,187499.977648,187499.977648,0.000000,0.000000,0.000000
0.676269,5uVp10hz_ch2pga24.bin,250,169,60807,1,0xA3,1,0,0,192,0,0,187499.977648,-17.233193,187499.977648,187499.977648,187499.977648,0.000000,0.000000,0.000000
0.680269,5uVp10hz_ch2pga24.bin,250,170,60808,1,0xA3,1,0,0,192,0,0,187499.977648,-16.696751,187499.977648,187499.977648,187499.977648,0.000000,0.000000,0.000000
0.684273,5uVp10hz_ch2pga24.bin,250,171,60809,1,0xA3,1,0,0,192,0,0,187499.977648,-16.763806,187499.977648,187499.977648,187499.977648,0.000000,0.000000,0.000000
0.688273,5uVp10hz_ch2pga24.bin,250,172,60810,1,0xA3,1,0,0,192,0,0,187499.977648,-17.590821,187499.977648,187499.977648,187499.977648,0.000000,0.000000,0.000000
0.692276,5uVp10hz_ch2pga24.bin,250,173,60811,1,0xA3,1,0,0,192,0,0,187499.977648,-17.523766,187499.977648,187499.977648,187499.977648,0.000000,0.000000,0.000000
0.696276,5uVp10hz_ch2pga24.bin,250,174,60812,1,0xA3,1,0,0,192,0,0,187499.977648,-17.635524,187499.977648,187499.977648,187499.977648,0.000000,0.000000,0.000000
0.700279,5uVp10hz_ch2pga24.bin,250,175,60813,1,0xA3,1,0,0,192,0,0,187499.977648,-18.395483,187499.977648,187499.977648,187499.977648,0.000000,0.000000,0.000000
0.704280,5uVp10hz_ch2pga24.bin,250,176,60814,1,0xA3,1,0,0,192,0,0,187499.977648,-19.177794,187499.977648,187499.977648,187499.977648,0.000000,0.000000,0.000000
0.708279,5uVp10hz_ch2pga24.bin,250,177,60815,1,0xA3,1,0,0,192,0,0,187499.977648,-19.848347,187499.977648,187499.977648,187499.977648,0.000000,0.000000,0.000000
0.712283,5uVp10hz_ch2pga24.bin,250,178,60816,1,0xA3,1,0,0,192,0,0,187499.977648,-20.608306,187499.977648,187499.977648,187499.977648,0.000000,0.000000,0.000000
0.716283,5uVp10hz_ch2pga24.bin,250,179,60817,1,0xA3,1,0,0,192,0,0,187499.977648,-20.898879,187499.977648,187499.977648,187499.977648,0.000000,0.000000,0.000000
0.720284,5uVp10hz_ch2pga24.bin,250,180,60818,1,0xA3,1,0,0,192,0,0,187499.977648,-21.167099,187499.977648,187499.977648,187499.977648,0.000000,0.000000,0.000000
0.724288,5uVp10hz_ch2pga24.bin,250,181,60819,1,0xA3,1,0,0,192,0,0,187499.977648,-21.994114,187499.977648,187499.977648,187499.977648,0.000000,0.000000,0.000000
0.728289,5uVp10hz_ch2pga24.bin,250,182,60820,1,0xA3,1,0,0,192,0,0,187499.977648,-22.821128,187499.977648,187499.977648,187499.977648,0.000000,0.000000,0.000000
0.732289,5uVp10hz_ch2pga24.bin,250,183,60821,1,0xA3,1,0,0,192,0,0,187499.977648,-22.552907,187499.977648,187499.977648,187499.977648,0.000000,0.000000,0.000000
0.736293,5uVp10hz_ch2pga24.bin,250,184,60822,1,0xA3,1,0,0,192,0,0,187499.977648,-22.150576,187499.977648,187499.977648,187499.977648,0.000000,0.000000,0.000000
0.740294,5uVp10hz_ch2pga24.bin,250,185,60823,1,0xA3,1,0,0,192,0,0,187499.977648,-22.262335,187499.977648,187499.977648,187499.977648,0.000000,0.000000,0.000000
0.744295,5uVp10hz_ch2pga24.bin,250,186,60824,1,0xA3,1,0,0,192,0,0,187499.977648,-21.614134,187499.977648,187499.977648,187499.977648,0.000000,0.000000,0.000000
0.748296,5uVp10hz_ch2pga24.bin,250,187,60825,1,0xA3,1,0,0,192,0,0,187499.977648,-20.921230,187499.977648,187499.977648,187499.977648,0.000000,0.000000,0.000000
0.752297,5uVp10hz_ch2pga24.bin,250,188,60826,1,0xA3,1,0,0,192,0,0,187499.977648,-20.362437,187499.977648,187499.977648,187499.977648,0.000000,0.000000,0.000000
0.756301,5uVp10hz_ch2pga24.bin,250,189,60827,1,0xA3,1,0,0,192,0,0,187499.977648,-19.982457,187499.977648,187499.977648,187499.977648,0.000000,0.000000,0.000000
0.760302,5uVp10hz_ch2pga24.bin,250,190,60828,1,0xA3,1,0,0,192,0,0,187499.977648,-19.155443,187499.977648,187499.977648,187499.977648,0.000000,0.000000,0.000000
0.764302,5uVp10hz_ch2pga24.bin,250,191,60829,1,0xA3,1,0,0,192,0,0,187499.977648,-18.239021,187499.977648,187499.977648,187499.977648,0.000000,0.000000,0.000000
0.768307,5uVp10hz_ch2pga24.bin,250,192,60830,1,0xA3,1,0,0,192,0,0,187499.977648,-18.149614,187499.977648,187499.977648,187499.977648,0.000000,0.000000,0.000000
0.772307,5uVp10hz_ch2pga24.bin,250,193,60831,1,0xA3,1,0,0,192,0,0,187499.977648,-17.702579,187499.977648,187499.977648,187499.977648,0.000000,0.000000,0.000000
0.776308,5uVp10hz_ch2pga24.bin,250,194,60832,1,0xA3,1,0,0,192,0,0,187499.977648,-16.920269,187499.977648,187499.977648,187499.977648,0.000000,0.000000,0.000000
0.780312,5uVp10hz_ch2pga24.bin,250,195,60833,1,0xA3,1,0,0,192,0,0,187499.977648,-16.674399,187499.977648,187499.977648,187499.977648,0.000000,0.000000,0.000000
0.784312,5uVp10hz_ch2pga24.bin,250,196,60834,1,0xA3,1,0,0,192,0,0,187499.977648,-17.032027,187499.977648,187499.977648,187499.977648,0.000000,0.000000,0.000000
0.788313,5uVp10hz_ch2pga24.bin,250,197,60835,1,0xA3,1,0,0,192,0,0,187499.977648,-17.032027,187499.977648,187499.977648,187499.977648,0.000000,0.000000,0.000000
0.792317,5uVp10hz_ch2pga24.bin,250,198,60836,1,0xA3,1,0,0,192,0,0,187499.977648,-17.099082,187499.977648,187499.977648,187499.977648,0.000000,0.000000,0.000000
0.796318,5uVp10hz_ch2pga24.bin,250,199,60837,1,0xA3,1,0,0,192,0,0,187499.977648,-17.769635,187499.977648,187499.977648,187499.977648,0.000000,0.000000,0.000000
0.800319,5uVp10hz_ch2pga24.bin,250,200,60838,1,0xA3,1,0,0,192,0,0,187499.977648,-18.104911,187499.977648,187499.977648,187499.977648,0.000000,0.000000,0.000000
0.804320,5uVp10hz_ch2pga24.bin,250,201,60839,1,0xA3,1,0,0,192,0,0,187499.977648,-18.306077,187499.977648,187499.977648,187499.977648,0.000000,0.000000,0.000000
0.808324,5uVp10hz_ch2pga24.bin,250,202,60840,1,0xA3,1,0,0,192,0,0,187499.977648,-19.758940,187499.977648,187499.977648,187499.977648,0.000000,0.000000,0.000000
0.812325,5uVp10hz_ch2pga24.bin,250,203,60841,1,0xA3,1,0,0,192,0,0,187499.977648,-21.144748,187499.977648,187499.977648,187499.977648,0.000000,0.000000,0.000000
0.816326,5uVp10hz_ch2pga24.bin,250,204,60842,1,0xA3,1,0,0,192,0,0,187499.977648,-20.809472,187499.977648,187499.977648,187499.977648,0.000000,0.000000,0.000000
0.820328,5uVp10hz_ch2pga24.bin,250,205,60843,1,0xA3,1,0,0,192,0,0,187499.977648,-21.435320,187499.977648,187499.977648,187499.977648,0.000000,0.000000,0.000000
0.824329,5uVp10hz_ch2pga24.bin,250,206,60844,1,0xA3,1,0,0,192,0,0,187499.977648,-22.418797,187499.977648,187499.977648,187499.977648,0.000000,0.000000,0.000000
0.828330,5uVp10hz_ch2pga24.bin,250,207,60845,1,0xA3,1,0,0,192,0,0,187499.977648,-22.687018,187499.977648,187499.977648,187499.977648,0.000000,0.000000,0.000000
0.832334,5uVp10hz_ch2pga24.bin,250,208,60846,1,0xA3,1,0,0,192,0,0,187499.977648,-22.441149,187499.977648,187499.977648,187499.977648,0.000000,0.000000,0.000000
0.836335,5uVp10hz_ch2pga24.bin,250,209,60847,1,0xA3,1,0,0,192,0,0,187499.977648,-22.664666,187499.977648,187499.977648,187499.977648,0.000000,0.000000,0.000000
0.840337,5uVp10hz_ch2pga24.bin,250,210,60848,1,0xA3,1,0,0,192,0,0,187499.977648,-22.508204,187499.977648,187499.977648,187499.977648,0.000000,0.000000,0.000000
0.844337,5uVp10hz_ch2pga24.bin,250,211,60849,1,0xA3,1,0,0,192,0,0,187499.977648,-21.815300,187499.977648,187499.977648,187499.977648,0.000000,0.000000,0.000000
0.848349,5uVp10hz_ch2pga24.bin,250,212,60850,1,0xA3,1,0,0,192,0,0,187499.977648,-21.055341,187499.977648,187499.977648,187499.977648,0.000000,0.000000,0.000000
0.852348,5uVp10hz_ch2pga24.bin,250,213,60851,1,0xA3,1,0,0,192,0,0,187499.977648,-20.988286,187499.977648,187499.977648,187499.977648,0.000000,0.000000,0.000000
0.856348,5uVp10hz_ch2pga24.bin,250,214,60852,1,0xA3,1,0,0,192,0,0,187499.977648,-20.027161,187499.977648,187499.977648,187499.977648,0.000000,0.000000,0.000000
0.860349,5uVp10hz_ch2pga24.bin,250,215,60853,1,0xA3,1,0,0,192,0,0,187499.977648,-19.311905,187499.977648,187499.977648,187499.977648,0.000000,0.000000,0.000000
0.864353,5uVp10hz_ch2pga24.bin,250,216,60854,1,0xA3,1,0,0,192,0,0,187499.977648,-18.484890,187499.977648,187499.977648,187499.977648,0.000000,0.000000,0.000000
0.868354,5uVp10hz_ch2pga24.bin,250,217,60855,1,0xA3,1,0,0,192,0,0,187499.977648,-18.283725,187499.977648,187499.977648,187499.977648,0.000000,0.000000,0.000000
0.872355,5uVp10hz_ch2pga24.bin,250,218,60856,1,0xA3,1,0,0,192,0,0,187499.977648,-17.255545,187499.977648,187499.977648,187499.977648,0.000000,0.000000,0.000000
0.876356,5uVp10hz_ch2pga24.bin,250,219,60857,1,0xA3,1,0,0,192,0,0,187499.977648,-16.853213,187499.977648,187499.977648,187499.977648,0.000000,0.000000,0.000000
0.880360,5uVp10hz_ch2pga24.bin,250,220,60858,1,0xA3,1,0,0,192,0,0,187499.977648,-17.300248,187499.977648,187499.977648,187499.977648,0.000000,0.000000,0.000000
0.884361,5uVp10hz_ch2pga24.bin,250,221,60859,1,0xA3,1,0,0,192,0,0,187499.977648,-17.121434,187499.977648,187499.977648,187499.977648,0.000000,0.000000,0.000000
0.888362,5uVp10hz_ch2pga24.bin,250,222,60860,1,0xA3,1,0,0,192,0,0,187499.977648,-16.853213,187499.977648,187499.977648,187499.977648,0.000000,0.000000,0.000000
0.892363,5uVp10hz_ch2pga24.bin,250,223,60861,1,0xA3,1,0,0,192,0,0,187499.977648,-17.479062,187499.977648,187499.977648,187499.977648,0.000000,0.000000,0.000000
0.896365,5uVp10hz_ch2pga24.bin,250,224,60862,1,0xA3,1,0,0,192,0,0,187499.977648,-17.657876,187499.977648,187499.977648,187499.977648,0.000000,0.000000,0.000000
0.900369,5uVp10hz_ch2pga24.bin,250,225,60863,1,0xA3,1,0,0,192,0,0,187499.977648,-18.171966,187499.977648,187499.977648,187499.977648,0.000000,0.000000,0.000000
0.904369,5uVp10hz_ch2pga24.bin,250,226,60864,1,0xA3,1,0,0,192,0,0,187499.977648,-19.311905,187499.977648,187499.977648,187499.977648,0.000000,0.000000,0.000000
0.908370,5uVp10hz_ch2pga24.bin,250,227,60865,1,0xA3,1,0,0,192,0,0,187499.977648,-20.362437,187499.977648,187499.977648,187499.977648,0.000000,0.000000,0.000000
0.912374,5uVp10hz_ch2pga24.bin,250,228,60866,1,0xA3,1,0,0,192,0,0,187499.977648,-20.116568,187499.977648,187499.977648,187499.977648,0.000000,0.000000,0.000000
0.916373,5uVp10hz_ch2pga24.bin,250,229,60867,1,0xA3,1,0,0,192,0,0,187499.977648,-21.010637,187499.977648,187499.977648,187499.977648,0.000000,0.000000,0.000000
0.920374,5uVp10hz_ch2pga24.bin,250,230,60868,1,0xA3,1,0,0,192,0,0,187499.977648,-21.591783,187499.977648,187499.977648,187499.977648,0.000000,0.000000,0.000000
0.924378,5uVp10hz_ch2pga24.bin,250,231,60869,1,0xA3,1,0,0,192,0,0,187499.977648,-22.150576,187499.977648,187499.977648,187499.977648,0.000000,0.000000,0.000000
0.928379,5uVp10hz_ch2pga24.bin,250,232,60870,1,0xA3,1,0,0,192,0,0,187499.977648,-22.821128,187499.977648,187499.977648,187499.977648,0.000000,0.000000,0.000000
0.932379,5uVp10hz_ch2pga24.bin,250,233,60871,1,0xA3,1,0,0,192,0,0,187499.977648,-22.664666,187499.977648,187499.977648,187499.977648,0.000000,0.000000,0.000000
0.936383,5uVp10hz_ch2pga24.bin,250,234,60872,1,0xA3,1,0,0,192,0,0,187499.977648,-22.329390,187499.977648,187499.977648,187499.977648,0.000000,0.000000,0.000000
0.940383,5uVp10hz_ch2pga24.bin,250,235,60873,1,0xA3,1,0,0,192,0,0,187499.977648,-22.061169,187499.977648,187499.977648,187499.977648,0.000000,0.000000,0.000000
0.944387,5uVp10hz_ch2pga24.bin,250,236,60874,1,0xA3,1,0,0,192,0,0,187499.977648,-21.815300,187499.977648,187499.977648,187499.977648,0.000000,0.000000,0.000000
0.948387,5uVp10hz_ch2pga24.bin,250,237,60875,1,0xA3,1,0,0,192,0,0,187499.977648,-21.502376,187499.977648,187499.977648,187499.977648,0.000000,0.000000,0.000000
0.952390,5uVp10hz_ch2pga24.bin,250,238,60876,1,0xA3,1,0,0,192,0,0,187499.977648,-20.384789,187499.977648,187499.977648,187499.977648,0.000000,0.000000,0.000000
0.956391,5uVp10hz_ch2pga24.bin,250,239,60877,1,0xA3,1,0,0,192,0,0,187499.977648,-19.602478,187499.977648,187499.977648,187499.977648,0.000000,0.000000,0.000000
0.960391,5uVp10hz_ch2pga24.bin,250,240,60878,1,0xA3,1,0,0,192,0,0,187499.977648,-19.311905,187499.977648,187499.977648,187499.977648,0.000000,0.000000,0.000000
0.964395,5uVp10hz_ch2pga24.bin,250,241,60879,1,0xA3,1,0,0,192,0,0,187499.977648,-18.909574,187499.977648,187499.977648,187499.977648,0.000000,0.000000,0.000000
0.968395,5uVp10hz_ch2pga24.bin,250,242,60880,1,0xA3,1,0,0,192,0,0,187499.977648,-18.194318,187499.977648,187499.977648,187499.977648,0.000000,0.000000,0.000000
0.972398,5uVp10hz_ch2pga24.bin,250,243,60881,1,0xA3,1,0,0,192,0,0,187499.977648,-17.344952,187499.977648,187499.977648,187499.977648,0.000000,0.000000,0.000000
0.976398,5uVp10hz_ch2pga24.bin,250,244,60882,1,0xA3,1,0,0,192,0,0,187499.977648,-17.032027,187499.977648,187499.977648,187499.977648,0.000000,0.000000,0.000000
0.980398,5uVp10hz_ch2pga24.bin,250,245,60883,1,0xA3,1,0,0,192,0,0,187499.977648,-16.897917,187499.977648,187499.977648,187499.977648,0.000000,0.000000,0.000000
0.984402,5uVp10hz_ch2pga24.bin,250,246,60884,1,0xA3,1,0,0,192,0,0,187499.977648,-16.786158,187499.977648,187499.977648,187499.977648,0.000000,0.000000,0.000000
0.988402,5uVp10hz_ch2pga24.bin,250,247,60885,1,0xA3,1,0,0,192,0,0,187499.977648,-17.412007,187499.977648,187499.977648,187499.977648,0.000000,0.000000,0.000000
0.992406,5uVp10hz_ch2pga24.bin,250,248,60886,1,0xA3,1,0,0,192,0,0,187499.977648,-17.344952,187499.977648,187499.977648,187499.977648,0.000000,0.000000,0.000000
0.996406,5uVp10hz_ch2pga24.bin,250,249,60887,1,0xA3,1,0,0,192,0,0,187499.977648,-17.367303,187499.977648,187499.977648,187499.977648,0.000000,0.000000,0.000000
1.000406,5uVp10hz_ch2pga24.bin,250,250,60888,1,0xA3,1,0,0,192,0,0,187499.977648,-18.171966,187499.977648,187499.977648,187499.977648,0.000000,0.000000,0.000000
1.004410,5uVp10hz_ch2pga24.bin,250,251,60889,1,0xA3,1,0,0,192,0,0,187499.977648,-19.267201,187499.977648,187499.977648,187499.977648,0.000000,0.000000,0.000000
1.008410,5uVp10hz_ch2pga24.bin,250,252,60890,1,0xA3,1,0,0,192,0,0,187499.977648,-19.647181,187499.977648,187499.977648,187499.977648,0.000000,0.000000,0.000000
1.012411,5uVp10hz_ch2pga24.bin,250,253,60891,1,0xA3,1,0,0,192,0,0,187499.977648,-20.541251,187499.977648,187499.977648,187499.977648,0.000000,0.000000,0.000000
1.016415,5uVp10hz_ch2pga24.bin,250,254,60892,1,0xA3,1,0,0,192,0,0,187499.977648,-21.055341,187499.977648,187499.977648,187499.977648,0.000000,0.000000,0.000000
1.020415,5uVp10hz_ch2pga24.bin,250,255,60893,1,0xA3,1,0,0,192,0,0,187499.977648,-21.167099,187499.977648,187499.977648,187499.977648,0.000000,0.000000,0.000000
1.024419,5uVp10hz_ch2pga24.bin,250,256,60894,1,0xA3,1,0,0,192,0,0,187499.977648,-21.547079,187499.977648,187499.977648,187499.977648,0.000000,0.000000,0.000000
1.028419,5uVp10hz_ch2pga24.bin,250,257,60895,1,0xA3,1,0,0,192,0,0,187499.977648,-22.485852,187499.977648,187499.977648,187499.977648,0.000000,0.000000,0.000000
1.032419,5uVp10hz_ch2pga24.bin,250,258,60896,1,0xA3,1,0,0,192,0,0,187499.977648,-22.396445,187499.977648,187499.977648,187499.977648,0.000000,0.000000,0.000000
1.036422,5uVp10hz_ch2pga24.bin,250,259,60897,1,0xA3,1,0,0,192,0,0,187499.977648,-21.860003,187499.977648,187499.977648,187499.977648,0.000000,0.000000,0.000000
1.040423,5uVp10hz_ch2pga24.bin,250,260,60898,1,0xA3,1,0,0,192,0,0,187499.977648,-22.038817,187499.977648,187499.977648,187499.977648,0.000000,0.000000,0.000000
1.044426,5uVp10hz_ch2pga24.bin,250,261,60899,1,0xA3,1,0,0,192,0,0,187499.977648,-22.083521,187499.977648,187499.977648,187499.977648,0.000000,0.000000,0.000000
1.048426,5uVp10hz_ch2pga24.bin,250,262,60900,1,0xA3,1,0,0,192,0,0,187499.977648,-21.211803,187499.977648,187499.977648,187499.977648,0.000000,0.000000,0.000000
1.052427,5uVp10hz_ch2pga24.bin,250,263,60901,1,0xA3,1,0,0,192,0,0,187499.977648,-20.161271,187499.977648,187499.977648,187499.977648,0.000000,0.000000,0.000000
1.056431,5uVp10hz_ch2pga24.bin,250,264,60902,1,0xA3,1,0,0,192,0,0,187499.977648,-19.714236,187499.977648,187499.977648,187499.977648,0.000000,0.000000,0.000000
1.060431,5uVp10hz_ch2pga24.bin,250,265,60903,1,0xA3,1,0,0,192,0,0,187499.977648,-19.088387,187499.977648,187499.977648,187499.977648,0.000000,0.000000,0.000000
1.064435,5uVp10hz_ch2pga24.bin,250,266,60904,1,0xA3,1,0,0,192,0,0,187499.977648,-18.171966,187499.977648,187499.977648,187499.977648,0.000000,0.000000,0.000000
1.068436,5uVp10hz_ch2pga24.bin,250,267,60905,1,0xA3,1,0,0,192,0,0,187499.977648,-17.747283,187499.977648,187499.977648,187499.977648,0.000000,0.000000,0.000000
1.072437,5uVp10hz_ch2pga24.bin,250,268,60906,1,0xA3,1,0,0,192,0,0,187499.977648,-17.456710,187499.977648,187499.977648,187499.977648,0.000000,0.000000,0.000000
1.076437,5uVp10hz_ch2pga24.bin,250,269,60907,1,0xA3,1,0,0,192,0,0,187499.977648,-17.099082,187499.977648,187499.977648,187499.977648,0.000000,0.000000,0.000000
1.080441,5uVp10hz_ch2pga24.bin,250,270,60908,1,0xA3,1,0,0,192,0,0,187499.977648,-16.920269,187499.977648,187499.977648,187499.977648,0.000000,0.000000,0.000000
1.084443,5uVp10hz_ch2pga24.bin,250,271,60909,1,0xA3,1,0,0,192,0,0,187499.977648,-17.412007,187499.977648,187499.977648,187499.977648,0.000000,0.000000,0.000000
1.088443,5uVp10hz_ch2pga24.bin,250,272,60910,1,0xA3,1,0,0,192,0,0,187499.977648,-17.456710,187499.977648,187499.977648,187499.977648,0.000000,0.000000,0.000000
1.092447,5uVp10hz_ch2pga24.bin,250,273,60911,1,0xA3,1,0,0,192,0,0,187499.977648,-17.568469,187499.977648,187499.977648,187499.977648,0.000000,0.000000,0.000000
1.096447,5uVp10hz_ch2pga24.bin,250,274,60912,1,0xA3,1,0,0,192,0,0,187499.977648,-18.350780,187499.977648,187499.977648,187499.977648,0.000000,0.000000,0.000000
1.100448,5uVp10hz_ch2pga24.bin,250,275,60913,1,0xA3,1,0,0,192,0,0,187499.977648,-18.820167,187499.977648,187499.977648,187499.977648,0.000000,0.000000,0.000000
1.104451,5uVp10hz_ch2pga24.bin,250,276,60914,1,0xA3,1,0,0,192,0,0,187499.977648,-18.820167,187499.977648,187499.977648,187499.977648,0.000000,0.000000,0.000000
1.108451,5uVp10hz_ch2pga24.bin,250,277,60915,1,0xA3,1,0,0,192,0,0,187499.977648,-19.825995,187499.977648,187499.977648,187499.977648,0.000000,0.000000,0.000000
1.112455,5uVp10hz_ch2pga24.bin,250,278,60916,1,0xA3,1,0,0,192,0,0,187499.977648,-20.809472,187499.977648,187499.977648,187499.977648,0.000000,0.000000,0.000000
1.116455,5uVp10hz_ch2pga24.bin,250,279,60917,1,0xA3,1,0,0,192,0,0,187499.977648,-21.345913,187499.977648,187499.977648,187499.977648,0.000000,0.000000,0.000000
1.120458,5uVp10hz_ch2pga24.bin,250,280,60918,1,0xA3,1,0,0,192,0,0,187499.977648,-21.234155,187499.977648,187499.977648,187499.977648,0.000000,0.000000,0.000000
1.124458,5uVp10hz_ch2pga24.bin,250,281,60919,1,0xA3,1,0,0,192,0,0,187499.977648,-22.597611,187499.977648,187499.977648,187499.977648,0.000000,0.000000,0.000000
1.128459,5uVp10hz_ch2pga24.bin,250,282,60920,1,0xA3,1,0,0,192,0,0,187499.977648,-22.374094,187499.977648,187499.977648,187499.977648,0.000000,0.000000,0.000000
1.132463,5uVp10hz_ch2pga24.bin,250,283,60921,1,0xA3,1,0,0,192,0,0,187499.977648,-22.262335,187499.977648,187499.977648,187499.977648,0.000000,0.000000,0.000000
1.136463,5uVp10hz_ch2pga24.bin,250,284,60922,1,0xA3,1,0,0,192,0,0,187499.977648,-22.552907,187499.977648,187499.977648,187499.977648,0.000000,0.000000,0.000000
1.140463,5uVp10hz_ch2pga24.bin,250,285,60923,1,0xA3,1,0,0,192,0,0,187499.977648,-22.597611,187499.977648,187499.977648,187499.977648,0.000000,0.000000,0.000000
1.144467,5uVp10hz_ch2pga24.bin,250,286,60924,1,0xA3,1,0,0,192,0,0,187499.977648,-21.725893,187499.977648,187499.977648,187499.977648,0.000000,0.000000,0.000000
1.148466,5uVp10hz_ch2pga24.bin,250,287,60925,1,0xA3,1,0,0,192,0,0,187499.977648,-21.323562,187499.977648,187499.977648,187499.977648,0.000000,0.000000,0.000000
1.152470,5uVp10hz_ch2pga24.bin,250,288,60926,1,0xA3,1,0,0,192,0,0,187499.977648,-20.608306,187499.977648,187499.977648,187499.977648,0.000000,0.000000,0.000000
1.156470,5uVp10hz_ch2pga24.bin,250,289,60927,1,0xA3,1,0,0,192,0,0,187499.977648,-19.714236,187499.977648,187499.977648,187499.977648,0.000000,0.000000,0.000000
1.160471,5uVp10hz_ch2pga24.bin,250,290,60928,1,0xA3,1,0,0,192,0,0,187499.977648,-18.864870,187499.977648,187499.977648,187499.977648,0.000000,0.000000,0.000000
1.164475,5uVp10hz_ch2pga24.bin,250,291,60929,1,0xA3,1,0,0,192,0,0,187499.977648,-18.641353,187499.977648,187499.977648,187499.977648,0.000000,0.000000,0.000000
1.168476,5uVp10hz_ch2pga24.bin,250,292,60930,1,0xA3,1,0,0,192,0,0,187499.977648,-17.724931,187499.977648,187499.977648,187499.977648,0.000000,0.000000,0.000000
1.172477,5uVp10hz_ch2pga24.bin,250,293,60931,1,0xA3,1,0,0,192,0,0,187499.977648,-16.897917,187499.977648,187499.977648,187499.977648,0.000000,0.000000,0.000000
1.176481,5uVp10hz_ch2pga24.bin,250,294,60932,1,0xA3,1,0,0,192,0,0,187499.977648,-16.763806,187499.977648,187499.977648,187499.977648,0.000000,0.000000,0.000000
1.180482,5uVp10hz_ch2pga24.bin,250,295,60933,1,0xA3,1,0,0,192,0,0,187499.977648,-17.009676,187499.977648,187499.977648,187499.977648,0.000000,0.000000,0.000000
1.184483,5uVp10hz_ch2pga24.bin,250,296,60934,1,0xA3,1,0,0,192,0,0,187499.977648,-16.987324,187499.977648,187499.977648,187499.977648,0.000000,0.000000,0.000000
1.188484,5uVp10hz_ch2pga24.bin,250,297,60935,1,0xA3,1,0,0,192,0,0,187499.977648,-16.920269,187499.977648,187499.977648,187499.977648,0.000000,0.000000,0.000000
1.192488,5uVp10hz_ch2pga24.bin,250,298,60936,1,0xA3,1,0,0,192,0,0,187499.977648,-17.367303,187499.977648,187499.977648,187499.977648,0.000000,0.000000,0.000000
1.196489,5uVp10hz_ch2pga24.bin,250,299,60937,1,0xA3,1,0,0,192,0,0,187499.977648,-18.082559,187499.977648,187499.977648,187499.977648,0.000000,0.000000,0.000000
1.200490,5uVp10hz_ch2pga24.bin,250,300,60938,1,0xA3,1,0,0,192,0,0,187499.977648,-17.970800,187499.977648,187499.977648,187499.977648,0.000000,0.000000,0.000000
1.204491,5uVp10hz_ch2pga24.bin,250,301,60939,1,0xA3,1,0,0,192,0,0,187499.977648,-19.088387,187499.977648,187499.977648,187499.977648,0.000000,0.000000,0.000000
1.208495,5uVp10hz_ch2pga24.bin,250,302,60940,1,0xA3,1,0,0,192,0,0,187499.977648,-19.960105,187499.977648,187499.977648,187499.977648,0.000000,0.000000,0.000000
1.212495,5uVp10hz_ch2pga24.bin,250,303,60941,1,0xA3,1,0,0,192,0,0,187499.977648,-20.317733,187499.977648,187499.977648,187499.977648,0.000000,0.000000,0.000000
1.216495,5uVp10hz_ch2pga24.bin,250,304,60942,1,0xA3,1,0,0,192,0,0,187499.977648,-21.010637,187499.977648,187499.977648,187499.977648,0.000000,0.000000,0.000000
1.220499,5uVp10hz_ch2pga24.bin,250,305,60943,1,0xA3,1,0,0,192,0,0,187499.977648,-21.725893,187499.977648,187499.977648,187499.977648,0.000000,0.000000,0.000000
1.224499,5uVp10hz_ch2pga24.bin,250,306,60944,1,0xA3,1,0,0,192,0,0,187499.977648,-22.172928,187499.977648,187499.977648,187499.977648,0.000000,0.000000,0.000000
1.228500,5uVp10hz_ch2pga24.bin,250,307,60945,1,0xA3,1,0,0,192,0,0,187499.977648,-22.396445,187499.977648,187499.977648,187499.977648,0.000000,0.000000,0.000000
1.232504,5uVp10hz_ch2pga24.bin,250,308,60946,1,0xA3,1,0,0,192,0,0,187499.977648,-22.798777,187499.977648,187499.977648,187499.977648,0.000000,0.000000,0.000000
1.236505,5uVp10hz_ch2pga24.bin,250,309,60947,1,0xA3,1,0,0,192,0,0,187499.977648,-22.150576,187499.977648,187499.977648,187499.977648,0.000000,0.000000,0.000000
1.240505,5uVp10hz_ch2pga24.bin,250,310,60948,1,0xA3,1,0,0,192,0,0,187499.977648,-21.815300,187499.977648,187499.977648,187499.977648,0.000000,0.000000,0.000000
1.244510,5uVp10hz_ch2pga24.bin,250,311,60949,1,0xA3,1,0,0,192,0,0,187499.977648,-21.591783,187499.977648,187499.977648,187499.977648,0.000000,0.000000,0.000000
1.248511,5uVp10hz_ch2pga24.bin,250,312,60950,1,0xA3,1,0,0,192,0,0,187499.977648,-21.234155,187499.977648,187499.977648,187499.977648,0.000000,0.000000,0.000000
1.252511,5uVp10hz_ch2pga24.bin,250,313,60951,1,0xA3,1,0,0,192,0,0,187499.977648,-20.205975,187499.977648,187499.977648,187499.977648,0.000000,0.000000,0.000000
1.256515,5uVp10hz_ch2pga24.bin,250,314,60952,1,0xA3,1,0,0,192,0,0,187499.977648,-19.490719,187499.977648,187499.977648,187499.977648,0.000000,0.000000,0.000000
1.260516,5uVp10hz_ch2pga24.bin,250,315,60953,1,0xA3,1,0,0,192,0,0,187499.977648,-19.200146,187499.977648,187499.977648,187499.977648,0.000000,0.000000,0.000000
1.264516,5uVp10hz_ch2pga24.bin,250,316,60954,1,0xA3,1,0,0,192,0,0,187499.977648,-18.149614,187499.977648,187499.977648,187499.977648,0.000000,0.000000,0.000000
1.268517,5uVp10hz_ch2pga24.bin,250,317,60955,1,0xA3,1,0,0,192,0,0,187499.977648,-17.926097,187499.977648,187499.977648,187499.977648,0.000000,0.000000,0.000000
1.272522,5uVp10hz_ch2pga24.bin,250,318,60956,1,0xA3,1,0,0,192,0,0,187499.977648,-17.255545,187499.977648,187499.977648,187499.977648,0.000000,0.000000,0.000000
1.276522,5uVp10hz_ch2pga24.bin,250,319,60957,1,0xA3,1,0,0,192,0,0,187499.977648,-16.741455,187499.977648,187499.977648,187499.977648,0.000000,0.000000,0.000000
1.280523,5uVp10hz_ch2pga24.bin,250,320,60958,1,0xA3,1,0,0,192,0,0,187499.977648,-16.652048,187499.977648,187499.977648,187499.977648,0.000000,0.000000,0.000000
1.284524,5uVp10hz_ch2pga24.bin,250,321,60959,1,0xA3,1,0,0,192,0,0,187499.977648,-16.920269,187499.977648,187499.977648,187499.977648,0.000000,0.000000,0.000000
1.288529,5uVp10hz_ch2pga24.bin,250,322,60960,1,0xA3,1,0,0,192,0,0,187499.977648,-17.322600,187499.977648,187499.977648,187499.977648,0.000000,0.000000,0.000000
1.292530,5uVp10hz_ch2pga24.bin,250,323,60961,1,0xA3,1,0,0,192,0,0,187499.977648,-17.277896,187499.977648,187499.977648,187499.977648,0.000000,0.000000,0.000000
1.296530,5uVp10hz_ch2pga24.bin,250,324,60962,1,0xA3,1,0,0,192,0,0,187499.977648,-17.590821,187499.977648,187499.977648,187499.977648,0.000000,0.000000,0.000000
1.300534,5uVp10hz_ch2pga24.bin,250,325,60963,1,0xA3,1,0,0,192,0,0,187499.977648,-18.171966,187499.977648,187499.977648,187499.977648,0.000000,0.000000,0.000000
1.304534,5uVp10hz_ch2pga24.bin,250,326,60964,1,0xA3,1,0,0,192,0,0,187499.977648,-19.133091,187499.977648,187499.977648,187499.977648,0.000000,0.000000,0.000000
1.308535,5uVp10hz_ch2pga24.bin,250,327,60965,1,0xA3,1,0,0,192,0,0,187499.977648,-19.982457,187499.977648,187499.977648,187499.977648,0.000000,0.000000,0.000000
1.312539,5uVp10hz_ch2pga24.bin,250,328,60966,1,0xA3,1,0,0,192,0,0,187499.977648,-20.474195,187499.977648,187499.977648,187499.977648,0.000000,0.000000,0.000000
1.316540,5uVp10hz_ch2pga24.bin,250,329,60967,1,0xA3,1,0,0,192,0,0,187499.977648,-21.435320,187499.977648,187499.977648,187499.977648,0.000000,0.000000,0.000000
1.320540,5uVp10hz_ch2pga24.bin,250,330,60968,1,0xA3,1,0,0,192,0,0,187499.977648,-21.591783,187499.977648,187499.977648,187499.977648,0.000000,0.000000,0.000000
1.324541,5uVp10hz_ch2pga24.bin,250,331,60969,1,0xA3,1,0,0,192,0,0,187499.977648,-21.904707,187499.977648,187499.977648,187499.977648,0.000000,0.000000,0.000000
1.328545,5uVp10hz_ch2pga24.bin,250,332,60970,1,0xA3,1,0,0,192,0,0,187499.977648,-22.642314,187499.977648,187499.977648,187499.977648,0.000000,0.000000,0.000000
1.332546,5uVp10hz_ch2pga24.bin,250,333,60971,1,0xA3,1,0,0,192,0,0,187499.977648,-22.485852,187499.977648,187499.977648,187499.977648,0.000000,0.000000,0.000000
1.336546,5uVp10hz_ch2pga24.bin,250,334,60972,1,0xA3,1,0,0,192,0,0,187499.977648,-22.105873,187499.977648,187499.977648,187499.977648,0.000000,0.000000,0.000000
1.340549,5uVp10hz_ch2pga24.bin,250,335,60973,1,0xA3,1,0,0,192,0,0,187499.977648,-22.441149,187499.977648,187499.977648,187499.977648,0.000000,0.000000,0.000000
1.344550,5uVp10hz_ch2pga24.bin,250,336,60974,1,0xA3,1,0,0,192,0,0,187499.977648,-22.329390,187499.977648,187499.977648,187499.977648,0.000000,0.000000,0.000000
1.348554,5uVp10hz_ch2pga24.bin,250,337,60975,1,0xA3,1,0,0,192,0,0,187499.977648,-20.943582,187499.977648,187499.977648,187499.977648,0.000000,0.000000,0.000000
1.352555,5uVp10hz_ch2pga24.bin,250,338,60976,1,0xA3,1,0,0,192,0,0,187499.977648,-20.474195,187499.977648,187499.977648,187499.977648,0.000000,0.000000,0.000000
1.356555,5uVp10hz_ch2pga24.bin,250,339,60977,1,0xA3,1,0,0,192,0,0,187499.977648,-19.602478,187499.977648,187499.977648,187499.977648,0.000000,0.000000,0.000000
1.360558,5uVp10hz_ch2pga24.bin,250,340,60978,1,0xA3,1,0,0,192,0,0,187499.977648,-18.462539,187499.977648,187499.977648,187499.977648,0.000000,0.000000,0.000000
1.364559,5uVp10hz_ch2pga24.bin,250,341,60979,1,0xA3,1,0,0,192,0,0,187499.977648,-18.283725,187499.977648,187499.977648,187499.977648,0.000000,0.000000,0.000000
1.368559,5uVp10hz_ch2pga24.bin,250,342,60980,1,0xA3,1,0,0,192,0,0,187499.977648,-18.283725,187499.977648,187499.977648,187499.977648,0.000000,0.000000,0.000000
1.372563,5uVp10hz_ch2pga24.bin,250,343,60981,1,0xA3,1,0,0,192,0,0,187499.977648,-17.344952,187499.977648,187499.977648,187499.977648,0.000000,0.000000,0.000000
1.376564,5uVp10hz_ch2pga24.bin,250,344,60982,1,0xA3,1,0,0,192,0,0,187499.977648,-16.786158,187499.977648,187499.977648,187499.977648,0.000000,0.000000,0.000000
1.380565,5uVp10hz_ch2pga24.bin,250,345,60983,1,0xA3,1,0,0,192,0,0,187499.977648,-17.032027,187499.977648,187499.977648,187499.977648,0.000000,0.000000,0.000000
1.384569,5uVp10hz_ch2pga24.bin,250,346,60984,1,0xA3,1,0,0,192,0,0,187499.977648,-17.233193,187499.977648,187499.977648,187499.977648,0.000000,0.000000,0.000000
1.388569,5uVp10hz_ch2pga24.bin,250,347,60985,1,0xA3,1,0,0,192,0,0,187499.977648,-17.099082,187499.977648,187499.977648,187499.977648,0.000000,0.000000,0.000000
1.392570,5uVp10hz_ch2pga24.bin,250,348,60986,1,0xA3,1,0,0,192,0,0,187499.977648,-17.456710,187499.977648,187499.977648,187499.977648,0.000000,0.000000,0.000000
1.396574,5uVp10hz_ch2pga24.bin,250,349,60987,1,0xA3,1,0,0,192,0,0,187499.977648,-17.993152,187499.977648,187499.977648,187499.977648,0.000000,0.000000,0.000000
1.400574,5uVp10hz_ch2pga24.bin,250,350,60988,1,0xA3,1,0,0,192,0,0,187499.977648,-18.239021,187499.977648,187499.977648,187499.977648,0.000000,0.000000,0.000000
1.404575,5uVp10hz_ch2pga24.bin,250,351,60989,1,0xA3,1,0,0,192,0,0,187499.977648,-18.909574,187499.977648,187499.977648,187499.977648,0.000000,0.000000,0.000000
1.408576,5uVp10hz_ch2pga24.bin,250,352,60990,1,0xA3,1,0,0,192,0,0,187499.977648,-19.915402,187499.977648,187499.977648,187499.977648,0.000000,0.000000,0.000000
1.412580,5uVp10hz_ch2pga24.bin,250,353,60991,1,0xA3,1,0,0,192,0,0,187499.977648,-20.831823,187499.977648,187499.977648,187499.977648,0.000000,0.000000,0.000000
1.416581,5uVp10hz_ch2pga24.bin,250,354,60992,1,0xA3,1,0,0,192,0,0,187499.977648,-21.167099,187499.977648,187499.977648,187499.977648,0.000000,0.000000,0.000000
1.420582,5uVp10hz_ch2pga24.bin,250,355,60993,1,0xA3,1,0,0,192,0,0,187499.977648,-21.547079,187499.977648,187499.977648,187499.977648,0.000000,0.000000,0.000000
1.424586,5uVp10hz_ch2pga24.bin,250,356,60994,1,0xA3,1,0,0,192,0,0,187499.977648,-22.329390,187499.977648,187499.977648,187499.977648,0.000000,0.000000,0.000000
1.428587,5uVp10hz_ch2pga24.bin,250,357,60995,1,0xA3,1,0,0,192,0,0,187499.977648,-22.754073,187499.977648,187499.977648,187499.977648,0.000000,0.000000,0.000000
1.432587,5uVp10hz_ch2pga24.bin,250,358,60996,1,0xA3,1,0,0,192,0,0,187499.977648,-22.195280,187499.977648,187499.977648,187499.977648,0.000000,0.000000,0.000000
1.436591,5uVp10hz_ch2pga24.bin,250,359,60997,1,0xA3,1,0,0,192,0,0,187499.977648,-22.441149,187499.977648,187499.977648,187499.977648,0.000000,0.000000,0.000000
1.440592,5uVp10hz_ch2pga24.bin,250,360,60998,1,0xA3,1,0,0,192,0,0,187499.977648,-22.150576,187499.977648,187499.977648,187499.977648,0.000000,0.000000,0.000000
1.444593,5uVp10hz_ch2pga24.bin,250,361,60999,1,0xA3,1,0,0,192,0,0,187499.977648,-21.658838,187499.977648,187499.977648,187499.977648,0.000000,0.000000,0.000000
1.448593,5uVp10hz_ch2pga24.bin,250,362,61000,1,0xA3,1,0,0,192,0,0,187499.977648,-21.390617,187499.977648,187499.977648,187499.977648,0.000000,0.000000,0.000000
1.452597,5uVp10hz_ch2pga24.bin,250,363,61001,1,0xA3,1,0,0,192,0,0,187499.977648,-20.742416,187499.977648,187499.977648,187499.977648,0.000000,0.000000,0.000000
1.456597,5uVp10hz_ch2pga24.bin,250,364,61002,1,0xA3,1,0,0,192,0,0,187499.977648,-19.289553,187499.977648,187499.977648,187499.977648,0.000000,0.000000,0.000000
1.460600,5uVp10hz_ch2pga24.bin,250,365,61003,1,0xA3,1,0,0,192,0,0,187499.977648,-18.641353,187499.977648,187499.977648,187499.977648,0.000000,0.000000,0.000000
1.464601,5uVp10hz_ch2pga24.bin,250,366,61004,1,0xA3,1,0,0,192,0,0,187499.977648,-18.931925,187499.977648,187499.977648,187499.977648,0.000000,0.000000,0.000000
1.468602,5uVp10hz_ch2pga24.bin,250,367,61005,1,0xA3,1,0,0,192,0,0,187499.977648,-17.769635,187499.977648,187499.977648,187499.977648,0.000000,0.000000,0.000000
1.472606,5uVp10hz_ch2pga24.bin,250,368,61006,1,0xA3,1,0,0,192,0,0,187499.977648,-17.300248,187499.977648,187499.977648,187499.977648,0.000000,0.000000,0.000000
1.476607,5uVp10hz_ch2pga24.bin,250,369,61007,1,0xA3,1,0,0,192,0,0,187499.977648,-17.188489,187499.977648,187499.977648,187499.977648,0.000000,0.000000,0.000000
1.480607,5uVp10hz_ch2pga24.bin,250,370,61008,1,0xA3,1,0,0,192,0,0,187499.977648,-17.143786,187499.977648,187499.977648,187499.977648,0.000000,0.000000,0.000000
1.484611,5uVp10hz_ch2pga24.bin,250,371,61009,1,0xA3,1,0,0,192,0,0,187499.977648,-17.032027,187499.977648,187499.977648,187499.977648,0.000000,0.000000,0.000000
1.488612,5uVp10hz_ch2pga24.bin,250,372,61010,1,0xA3,1,0,0,192,0,0,187499.977648,-17.188489,187499.977648,187499.977648,187499.977648,0.000000,0.000000,0.000000
1.492612,5uVp10hz_ch2pga24.bin,250,373,61011,1,0xA3,1,0,0,192,0,0,187499.977648,-17.613173,187499.977648,187499.977648,187499.977648,0.000000,0.000000,0.000000
1.496613,5uVp10hz_ch2pga24.bin,250,374,61012,1,0xA3,1,0,0,192,0,0,187499.977648,-17.680228,187499.977648,187499.977648,187499.977648,0.000000,0.000000,0.000000
1.500618,5uVp10hz_ch2pga24.bin,250,375,61013,1,0xA3,1,0,0,192,0,0,187499.977648,-18.037856,187499.977648,187499.977648,187499.977648,0.000000,0.000000,0.000000
1.504619,5uVp10hz_ch2pga24.bin,250,376,61014,1,0xA3,1,0,0,192,0,0,187499.977648,-18.954277,187499.977648,187499.977648,187499.977648,0.000000,0.000000,0.000000
1.508619,5uVp10hz_ch2pga24.bin,250,377,61015,1,0xA3,1,0,0,192,0,0,187499.977648,-20.027161,187499.977648,187499.977648,187499.977648,0.000000,0.000000,0.000000
1.512621,5uVp10hz_ch2pga24.bin,250,378,61016,1,0xA3,1,0,0,192,0,0,187499.977648,-20.407140,187499.977648,187499.977648,187499.977648,0.000000,0.000000,0.000000
1.516624,5uVp10hz_ch2pga24.bin,250,379,61017,1,0xA3,1,0,0,192,0,0,187499.977648,-21.256506,187499.977648,187499.977648,187499.977648,0.000000,0.000000,0.000000
1.520624,5uVp10hz_ch2pga24.bin,250,380,61018,1,0xA3,1,0,0,192,0,0,187499.977648,-22.038817,187499.977648,187499.977648,187499.977648,0.000000,0.000000,0.000000
1.524628,5uVp10hz_ch2pga24.bin,250,381,61019,1,0xA3,1,0,0,192,0,0,187499.977648,-22.463500,187499.977648,187499.977648,187499.977648,0.000000,0.000000,0.000000
1.528628,5uVp10hz_ch2pga24.bin,250,382,61020,1,0xA3,1,0,0,192,0,0,187499.977648,-22.597611,187499.977648,187499.977648,187499.977648,0.000000,0.000000,0.000000
1.532629,5uVp10hz_ch2pga24.bin,250,383,61021,1,0xA3,1,0,0,192,0,0,187499.977648,-22.664666,187499.977648,187499.977648,187499.977648,0.000000,0.000000,0.000000
4294.619162,5uVp10hz_ch2pga24.bin,250,384,60551,1,0xA3,1,0,0,192,0,0,187499.977648,-20.474195,187499.977648,187499.977648,187499.977648,0.000000,0.000000,0.000000
4294.623166,5uVp10hz_ch2pga24.bin,250,385,60552,1,0xA3,1,0,0,192,0,0,187499.977648,-19.624829,187499.977648,187499.977648,187499.977648,0.000000,0.000000,0.000000
4294.627166,5uVp10hz_ch2pga24.bin,250,386,60553,1,0xA3,1,0,0,192,0,0,187499.977648,-19.378960,187499.977648,187499.977648,187499.977648,0.000000,0.000000,0.000000
4294.631166,5uVp10hz_ch2pga24.bin,250,387,60554,1,0xA3,1,0,0,192,0,0,187499.977648,-18.641353,187499.977648,187499.977648,187499.977648,0.000000,0.000000,0.000000
4294.635171,5uVp10hz_ch2pga24.bin,250,388,60555,1,0xA3,1,0,0,192,0,0,187499.977648,-17.970800,187499.977648,187499.977648,187499.977648,0.000000,0.000000,0.000000
4294.639171,5uVp10hz_ch2pga24.bin,250,389,60556,1,0xA3,1,0,0,192,0,0,187499.977648,-17.859042,187499.977648,187499.977648,187499.977648,0.000000,0.000000,0.000000
4294.643171,5uVp10hz_ch2pga24.bin,250,390,60557,1,0xA3,1,0,0,192,0,0,187499.977648,-17.568469,187499.977648,187499.977648,187499.977648,0.000000,0.000000,0.000000
4294.647175,5uVp10hz_ch2pga24.bin,250,391,60558,1,0xA3,1,0,0,192,0,0,187499.977648,-16.808510,187499.977648,187499.977648,187499.977648,0.000000,0.000000,0.000000
4294.651174,5uVp10hz_ch2pga24.bin,250,392,60559,1,0xA3,1,0,0,192,0,0,187499.977648,-17.099082,187499.977648,187499.977648,187499.977648,0.000000,0.000000,0.000000
4294.655178,5uVp10hz_ch2pga24.bin,250,393,60560,1,0xA3,1,0,0,192,0,0,187499.977648,-17.188489,187499.977648,187499.977648,187499.977648,0.000000,0.000000,0.000000
4294.659177,5uVp10hz_ch2pga24.bin,250,394,60561,1,0xA3,1,0,0,192,0,0,187499.977648,-17.389655,187499.977648,187499.977648,187499.977648,0.000000,0.000000,0.000000
4294.663181,5uVp10hz_ch2pga24.bin,250,395,60562,1,0xA3,1,0,0,192,0,0,187499.977648,-17.970800,187499.977648,187499.977648,187499.977648,0.000000,0.000000,0.000000
4294.667183,5uVp10hz_ch2pga24.bin,250,396,60563,1,0xA3,1,0,0,192,0,0,187499.977648,-18.574297,187499.977648,187499.977648,187499.977648,0.000000,0.000000,0.000000
4294.671183,5uVp10hz_ch2pga24.bin,250,397,60564,1,0xA3,1,0,0,192,0,0,187499.977648,-19.066036,187499.977648,187499.977648,187499.977648,0.000000,0.000000,0.000000
4294.675185,5uVp10hz_ch2pga24.bin,250,398,60565,1,0xA3,1,0,0,192,0,0,187499.977648,-19.803643,187499.977648,187499.977648,187499.977648,0.000000,0.000000,0.000000
4294.679184,5uVp10hz_ch2pga24.bin,250,399,60566,1,0xA3,1,0,0,192,0,0,187499.977648,-20.429492,187499.977648,187499.977648,187499.977648,0.000000,0.000000,0.000000
4294.683187,5uVp10hz_ch2pga24.bin,250,400,60567,1,0xA3,1,0,0,192,0,0,187499.977648,-21.010637,187499.977648,187499.977648,187499.977648,0.000000,0.000000,0.000000
4294.687190,5uVp10hz_ch2pga24.bin,250,401,60568,1,0xA3,1,0,0,192,0,0,187499.977648,-21.435320,187499.977648,187499.977648,187499.977648,0.000000,0.000000,0.000000
4294.691190,5uVp10hz_ch2pga24.bin,250,402,60569,1,0xA3,1,0,0,192,0,0,187499.977648,-21.725893,187499.977648,187499.977648,187499.977648,0.000000,0.000000,0.000000
4294.695192,5uVp10hz_ch2pga24.bin,250,403,60570,1,0xA3,1,0,0,192,0,0,187499.977648,-22.798777,187499.977648,187499.977648,187499.977648,0.000000,0.000000,0.000000
4294.699191,5uVp10hz_ch2pga24.bin,250,404,60571,1,0xA3,1,0,0,192,0,0,187499.977648,-22.888184,187499.977648,187499.977648,187499.977648,0.000000,0.000000,0.000000
4294.703195,5uVp10hz_ch2pga24.bin,250,405,60572,1,0xA3,1,0,0,192,0,0,187499.977648,-22.150576,187499.977648,187499.977648,187499.977648,0.000000,0.000000,0.000000
4294.707195,5uVp10hz_ch2pga24.bin,250,406,60573,1,0xA3,1,0,0,192,0,0,187499.977648,-22.105873,187499.977648,187499.977648,187499.977648,0.000000,0.000000,0.000000
4294.711198,5uVp10hz_ch2pga24.bin,250,407,60574,1,0xA3,1,0,0,192,0,0,187499.977648,-21.904707,187499.977648,187499.977648,187499.977648,0.000000,0.000000,0.000000
4294.715199,5uVp10hz_ch2pga24.bin,250,408,60575,1,0xA3,1,0,0,192,0,0,187499.977648,-21.256506,187499.977648,187499.977648,187499.977648,0.000000,0.000000,0.000000
4294.719202,5uVp10hz_ch2pga24.bin,250,409,60576,1,0xA3,1,0,0,192,0,0,187499.977648,-20.764768,187499.977648,187499.977648,187499.977648,0.000000,0.000000,0.000000
4294.723202,5uVp10hz_ch2pga24.bin,250,410,60577,1,0xA3,1,0,0,192,0,0,187499.977648,-20.161271,187499.977648,187499.977648,187499.977648,0.000000,0.000000,0.000000
4294.727205,5uVp10hz_ch2pga24.bin,250,411,60578,1,0xA3,1,0,0,192,0,0,187499.977648,-19.222498,187499.977648,187499.977648,187499.977648,0.000000,0.000000,0.000000
4294.731205,5uVp10hz_ch2pga24.bin,250,412,60579,1,0xA3,1,0,0,192,0,0,187499.977648,-18.037856,187499.977648,187499.977648,187499.977648,0.000000,0.000000,0.000000
4294.735206,5uVp10hz_ch2pga24.bin,250,413,60580,1,0xA3,1,0,0,192,0,0,187499.977648,-18.037856,187499.977648,187499.977648,187499.977648,0.000000,0.000000,0.000000
4294.739209,5uVp10hz_ch2pga24.bin,250,414,60581,1,0xA3,1,0,0,192,0,0,187499.977648,-17.859042,187499.977648,187499.977648,187499.977648,0.000000,0.000000,0.000000
4294.743209,5uVp10hz_ch2pga24.bin,250,415,60582,1,0xA3,1,0,0,192,0,0,187499.977648,-16.696751,187499.977648,187499.977648,187499.977648,0.000000,0.000000,0.000000
4294.747213,5uVp10hz_ch2pga24.bin,250,416,60583,1,0xA3,1,0,0,192,0,0,187499.977648,-16.674399,187499.977648,187499.977648,187499.977648,0.000000,0.000000,0.000000
4294.751214,5uVp10hz_ch2pga24.bin,250,417,60584,1,0xA3,1,0,0,192,0,0,187499.977648,-17.009676,187499.977648,187499.977648,187499.977648,0.000000,0.000000,0.000000
4294.755214,5uVp10hz_ch2pga24.bin,250,418,60585,1,0xA3,1,0,0,192,0,0,187499.977648,-16.853213,187499.977648,187499.977648,187499.977648,0.000000,0.000000,0.000000
4294.759218,5uVp10hz_ch2pga24.bin,250,419,60586,1,0xA3,1,0,0,192,0,0,187499.977648,-17.456710,187499.977648,187499.977648,187499.977648,0.000000,0.000000,0.000000
4294.763219,5uVp10hz_ch2pga24.bin,250,420,60587,1,0xA3,1,0,0,192,0,0,187499.977648,-17.859042,187499.977648,187499.977648,187499.977648,0.000000,0.000000,0.000000
4294.767220,5uVp10hz_ch2pga24.bin,250,421,60588,1,0xA3,1,0,0,192,0,0,187499.977648,-18.015504,187499.977648,187499.977648,187499.977648,0.000000,0.000000,0.000000
4294.771220,5uVp10hz_ch2pga24.bin,250,422,60589,1,0xA3,1,0,0,192,0,0,187499.977648,-18.484890,187499.977648,187499.977648,187499.977648,0.000000,0.000000,0.000000
4294.775223,5uVp10hz_ch2pga24.bin,250,423,60590,1,0xA3,1,0,0,192,0,0,187499.977648,-19.289553,187499.977648,187499.977648,187499.977648,0.000000,0.000000,0.000000
4294.779224,5uVp10hz_ch2pga24.bin,250,424,60591,1,0xA3,1,0,0,192,0,0,187499.977648,-20.541251,187499.977648,187499.977648,187499.977648,0.000000,0.000000,0.000000
4294.783227,5uVp10hz_ch2pga24.bin,250,425,60592,1,0xA3,1,0,0,192,0,0,187499.977648,-20.965934,187499.977648,187499.977648,187499.977648,0.000000,0.000000,0.000000
4294.787227,5uVp10hz_ch2pga24.bin,250,426,60593,1,0xA3,1,0,0,192,0,0,187499.977648,-21.390617,187499.977648,187499.977648,187499.977648,0.000000,0.000000,0.000000
4294.791231,5uVp10hz_ch2pga24.bin,250,427,60594,1,0xA3,1,0,0,192,0,0,187499.977648,-22.262335,187499.977648,187499.977648,187499.977648,0.000000,0.000000,0.000000
4294.795231,5uVp10hz_ch2pga24.bin,250,428,60595,1,0xA3,1,0,0,192,0,0,187499.977648,-22.821128,187499.977648,187499.977648,187499.977648,0.000000,0.000000,0.000000
4294.799231,5uVp10hz_ch2pga24.bin,250,429,60596,1,0xA3,1,0,0,192,0,0,187499.977648,-22.307038,187499.977648,187499.977648,187499.977648,0.000000,0.000000,0.000000
4294.803234,5uVp10hz_ch2pga24.bin,250,430,60597,1,0xA3,1,0,0,192,0,0,187499.977648,-22.329390,187499.977648,187499.977648,187499.977648,0.000000,0.000000,0.000000
4294.807234,5uVp10hz_ch2pga24.bin,250,431,60598,1,0xA3,1,0,0,192,0,0,187499.977648,-22.575259,187499.977648,187499.977648,187499.977648,0.000000,0.000000,0.000000
4294.811238,5uVp10hz_ch2pga24.bin,250,432,60599,1,0xA3,1,0,0,192,0,0,187499.977648,-21.681190,187499.977648,187499.977648,187499.977648,0.000000,0.000000,0.000000
4294.815239,5uVp10hz_ch2pga24.bin,250,433,60600,1,0xA3,1,0,0,192,0,0,187499.977648,-21.167099,187499.977648,187499.977648,187499.977648,0.000000,0.000000,0.000000
4294.819242,5uVp10hz_ch2pga24.bin,250,434,60601,1,0xA3,1,0,0,192,0,0,187499.977648,-20.764768,187499.977648,187499.977648,187499.977648,0.000000,0.000000,0.000000
4294.823242,5uVp10hz_ch2pga24.bin,250,435,60602,1,0xA3,1,0,0,192,0,0,187499.977648,-19.982457,187499.977648,187499.977648,187499.977648,0.000000,0.000000,0.000000
4294.827242,5uVp10hz_ch2pga24.bin,250,436,60603,1,0xA3,1,0,0,192,0,0,187499.977648,-19.177794,187499.977648,187499.977648,187499.977648,0.000000,0.000000,0.000000
4294.831246,5uVp10hz_ch2pga24.bin,250,437,60604,1,0xA3,1,0,0,192,0,0,187499.977648,-18.596649,187499.977648,187499.977648,187499.977648,0.000000,0.000000,0.000000
4294.835246,5uVp10hz_ch2pga24.bin,250,438,60605,1,0xA3,1,0,0,192,0,0,187499.977648,-18.283725,187499.977648,187499.977648,187499.977648,0.000000,0.000000,0.000000
4294.839250,5uVp10hz_ch2pga24.bin,250,439,60606,1,0xA3,1,0,0,192,0,0,187499.977648,-17.255545,187499.977648,187499.977648,187499.977648,0.000000,0.000000,0.000000
4294.843250,5uVp10hz_ch2pga24.bin,250,440,60607,1,0xA3,1,0,0,192,0,0,187499.977648,-17.009676,187499.977648,187499.977648,187499.977648,0.000000,0.000000,0.000000
4294.847250,5uVp10hz_ch2pga24.bin,250,441,60608,1,0xA3,1,0,0,192,0,0,187499.977648,-17.143786,187499.977648,187499.977648,187499.977648,0.000000,0.000000,0.000000
4294.851254,5uVp10hz_ch2pga24.bin,250,442,60609,1,0xA3,1,0,0,192,0,0,187499.977648,-17.054379,187499.977648,187499.977648,187499.977648,0.000000,0.000000,0.000000
4294.855254,5uVp10hz_ch2pga24.bin,250,443,60610,1,0xA3,1,0,0,192,0,0,187499.977648,-17.255545,187499.977648,187499.977648,187499.977648,0.000000,0.000000,0.000000
4294.859258,5uVp10hz_ch2pga24.bin,250,444,60611,1,0xA3,1,0,0,192,0,0,187499.977648,-17.613173,187499.977648,187499.977648,187499.977648,0.000000,0.000000,0.000000
4294.863257,5uVp10hz_ch2pga24.bin,250,445,60612,1,0xA3,1,0,0,192,0,0,187499.977648,-17.613173,187499.977648,187499.977648,187499.977648,0.000000,0.000000,0.000000
4294.867260,5uVp10hz_ch2pga24.bin,250,446,60613,1,0xA3,1,0,0,192,0,0,187499.977648,-18.127263,187499.977648,187499.977648,187499.977648,0.000000,0.000000,0.000000
4294.871260,5uVp10hz_ch2pga24.bin,250,447,60614,1,0xA3,1,0,0,192,0,0,187499.977648,-19.133091,187499.977648,187499.977648,187499.977648,0.000000,0.000000,0.000000
4294.875264,5uVp10hz_ch2pga24.bin,250,448,60615,1,0xA3,1,0,0,192,0,0,187499.977648,-20.273030,187499.977648,187499.977648,187499.977648,0.000000,0.000000,0.000000
4294.879263,5uVp10hz_ch2pga24.bin,250,449,60616,1,0xA3,1,0,0,192,0,0,187499.977648,-20.720065,187499.977648,187499.977648,187499.977648,0.000000,0.000000,0.000000
4294.883267,5uVp10hz_ch2pga24.bin,250,450,60617,1,0xA3,1,0,0,192,0,0,187499.977648,-21.167099,187499.977648,187499.977648,187499.977648,0.000000,0.000000,0.000000
4294.887267,5uVp10hz_ch2pga24.bin,250,451,60618,1,0xA3,1,0,0,192,0,0,187499.977648,-21.614134,187499.977648,187499.977648,187499.977648,0.000000,0.000000,0.000000
4294.891267,5uVp10hz_ch2pga24.bin,250,452,60619,1,0xA3,1,0,0,192,0,0,187499.977648,-22.172928,187499.977648,187499.977648,187499.977648,0.000000,0.000000,0.000000
4294.895271,5uVp10hz_ch2pga24.bin,250,453,60620,1,0xA3,1,0,0,192,0,0,187499.977648,-22.508204,187499.977648,187499.977648,187499.977648,0.000000,0.000000,0.000000
4294.899272,5uVp10hz_ch2pga24.bin,250,454,60621,1,0xA3,1,0,0,192,0,0,187499.977648,-22.843480,187499.977648,187499.977648,187499.977648,0.000000,0.000000,0.000000
4294.903272,5uVp10hz_ch2pga24.bin,250,455,60622,1,0xA3,1,0,0,192,0,0,187499.977648,-22.307038,187499.977648,187499.977648,187499.977648,0.000000,0.000000,0.000000
4294.907275,5uVp10hz_ch2pga24.bin,250,456,60623,1,0xA3,1,0,0,192,0,0,187499.977648,-22.038817,187499.977648,187499.977648,187499.977648,0.000000,0.000000,0.000000
4294.911278,5uVp10hz_ch2pga24.bin,250,457,60624,1,0xA3,1,0,0,192,0,0,187499.977648,-21.770597,187499.977648,187499.977648,187499.977648,0.000000,0.000000,0.000000
4294.915278,5uVp10hz_ch2pga24.bin,250,458,60625,1,0xA3,1,0,0,192,0,0,187499.977648,-21.658838,187499.977648,187499.977648,187499.977648,0.000000,0.000000,0.000000
4294.919278,5uVp10hz_ch2pga24.bin,250,459,60626,1,0xA3,1,0,0,192,0,0,187499.977648,-21.055341,187499.977648,187499.977648,187499.977648,0.000000,0.000000,0.000000
4294.923280,5uVp10hz_ch2pga24.bin,250,460,60627,1,0xA3,1,0,0,192,0,0,187499.977648,-19.602478,187499.977648,187499.977648,187499.977648,0.000000,0.000000,0.000000
4294.927283,5uVp10hz_ch2pga24.bin,250,461,60628,1,0xA3,1,0,0,192,0,0,187499.977648,-19.133091,187499.977648,187499.977648,187499.977648,0.000000,0.000000,0.000000
4294.931282,5uVp10hz_ch2pga24.bin,250,462,60629,1,0xA3,1,0,0,192,0,0,187499.977648,-18.753111,187499.977648,187499.977648,187499.977648,0.000000,0.000000,0.000000
4294.935285,5uVp10hz_ch2pga24.bin,250,463,60630,1,0xA3,1,0,0,192,0,0,187499.977648,-17.881393,187499.977648,187499.977648,187499.977648,0.000000,0.000000,0.000000
4294.939288,5uVp10hz_ch2pga24.bin,250,464,60631,1,0xA3,1,0,0,192,0,0,187499.977648,-17.344952,187499.977648,187499.977648,187499.977648,0.000000,0.000000,0.000000
4294.943288,5uVp10hz_ch2pga24.bin,250,465,60632,1,0xA3,1,0,0,192,0,0,187499.977648,-17.523766,187499.977648,187499.977648,187499.977648,0.000000,0.000000,0.000000
4294.947291,5uVp10hz_ch2pga24.bin,250,466,60633,1,0xA3,1,0,0,192,0,0,187499.977648,-17.121434,187499.977648,187499.977648,187499.977648,0.000000,0.000000,0.000000
4294.951291,5uVp10hz_ch2pga24.bin,250,467,60634,1,0xA3,1,0,0,192,0,0,187499.977648,-16.808510,187499.977648,187499.977648,187499.977648,0.000000,0.000000,0.000000
4294.955294,5uVp10hz_ch2pga24.bin,250,468,60635,1,0xA3,1,0,0,192,0,0,187499.977648,-17.344952,187499.977648,187499.977648,187499.977648,0.000000,0.000000,0.000000
